{
	"credit": "Designed by tomaxed with Cubik",
	"textures": {
		"particle": "block/cherry_leaves",
		"all": "block/cherry_leaves",
		"extra": "block/cherry_leaves_extra_3"
	},
	"elements": [
		{
			"from": [0, 0, 0],
			"to": [16, 16, 16],
			"faces": {
				"north": {"uv": [0, 0, 16, 16], "texture": "#all", "cullface": "north", "tintindex": 0},
				"east": {"uv": [0, 0, 16, 16], "texture": "#all", "cullface": "east", "tintindex": 0},
				"south": {"uv": [0, 0, 16, 16], "texture": "#all", "cullface": "south", "tintindex": 0},
				"west": {"uv": [0, 0, 16, 16], "texture": "#all", "cullface": "west", "tintindex": 0},
				"up": {"uv": [0, 0, 16, 16], "texture": "#all", "cullface": "up", "tintindex": 0},
				"down": {"uv": [16, 16, 0, 0], "texture": "#all", "cullface": "down", "tintindex": 0}
			}
		},
		{
			"from": [7.92803, -13, -7.96929],
			"to": [7.98803, 19, 24.03071],
			"shade": false,
			"rotation": {"angle": -22.5, "axis": "y", "origin": [8.125, -13, 8.188]},
			"faces": {
				"east": {"uv": [0, 0, 16, 16], "texture": "#extra", "tintindex": 0},
				"west": {"uv": [0, 0, 16, 16], "texture": "#extra", "tintindex": 0}
			}
		},
		{
			"from": [-8.09364, -13, 8.07284],
			"to": [23.90636, 19, 8.13284],
			"shade": false,
			"rotation": {"angle": -22.5, "axis": "y", "origin": [8.125, -13, 8.188]},
			"faces": {
				"north": {"uv": [0, 0, 16, 16], "texture": "#extra", "tintindex": 0},
				"south": {"uv": [0, 0, 16, 16], "texture": "#extra", "tintindex": 0}
			}
		}
	]
}