{
	"credit": "Made with Blockbench",
	"parent": "minecraft:block/cross",
	"textures": {
		"cross": "block/vegetation/brown_mushroom_2"
	},
	"elements": [
		{
			"from": [8, 0, 7],
			"to": [10, 5, 9],
			"rotation": {"angle": 0, "axis": "y", "origin": [8, 0, 7]},
			"faces": {
				"north": {"uv": [2, 11, 4, 16], "texture": "#cross"},
				"east": {"uv": [2, 11, 4, 16], "texture": "#cross"},
				"south": {"uv": [2, 11, 4, 16], "texture": "#cross"},
				"west": {"uv": [2, 11, 4, 16], "texture": "#cross"},
				"down": {"uv": [2, 12, 4, 14], "texture": "#cross"}
			}
		},
		{
			"from": [5, 5, 4],
			"to": [13, 7, 12],
			"rotation": {"angle": 0, "axis": "y", "origin": [6, 5, 5]},
			"faces": {
				"north": {"uv": [0, 3, 8, 1], "texture": "#cross"},
				"east": {"uv": [0, 3, 8, 1], "texture": "#cross"},
				"south": {"uv": [0, 3, 8, 1], "texture": "#cross"},
				"west": {"uv": [0, 3, 8, 1], "texture": "#cross"},
				"up": {"uv": [0, 1, 8, 9], "texture": "#cross"},
				"down": {"uv": [0, 1, 8, 9], "texture": "#cross"}
			}
		},
		{
			"from": [6, 7, 5],
			"to": [12, 8, 11],
			"rotation": {"angle": 0, "axis": "y", "origin": [7, 7, 6]},
			"faces": {
				"north": {"uv": [1, 0, 7, 1], "texture": "#cross"},
				"east": {"uv": [1, 0, 7, 1], "texture": "#cross"},
				"south": {"uv": [1, 0, 7, 1], "texture": "#cross"},
				"west": {"uv": [1, 0, 7, 1], "texture": "#cross"},
				"up": {"uv": [1, 2, 7, 8], "texture": "#cross"}
			}
		}
	]
}