{
	"credit": "Made with Blockbench",
	"parent": "minecraft:block/tinted_cross",
	"textures": {
		"0": "block/vegetation/fern_top",
		"1": "block/vegetation/fern_bottom",
		"particle": "block/vegetation/fern_top"
	},
	"elements": [
		{
			"from": [0, -2.92979, 1.94353],
			"to": [16, 1.07021, 1.94353],
			"shade": false,
			"rotation": {"angle": -45, "axis": "x", "origin": [8, -2.15398, 5.07065]},
			"faces": {
				"north": {"uv": [0, 0, 16, 4], "texture": "#1", "tintindex": 0},
				"south": {"uv": [16, 0, 0, 4], "texture": "#1", "tintindex": 0}
			}
		},
		{
			"from": [0, 1.07021, 1.94353],
			"to": [16, 11.07021, 1.94353],
			"shade": false,
			"rotation": {"angle": -45, "axis": "x", "origin": [8, -2.15398, 5.07065]},
			"faces": {
				"north": {"uv": [0, 6, 16, 16], "texture": "#0", "tintindex": 0},
				"south": {"uv": [16, 6, 0, 16], "texture": "#0", "tintindex": 0}
			}
		},
		{
			"from": [8, 0, 0],
			"to": [8, 10, 16],
			"shade": false,
			"rotation": {"angle": 45, "axis": "z", "origin": [8, -16, 8]},
			"faces": {
				"east": {"uv": [0, 6, 16, 16], "texture": "#0", "tintindex": 0},
				"west": {"uv": [16, 6, 0, 16], "texture": "#0", "tintindex": 0}
			}
		},
		{
			"from": [0, -4.85699, 19.34786],
			"to": [16, -4.85699, 29.34786],
			"shade": false,
			"rotation": {"angle": -22.5, "axis": "x", "origin": [8, -4.85699, 18.90421]},
			"faces": {
				"up": {"uv": [0, 6, 16, 16], "rotation": 180, "texture": "#0", "tintindex": 0},
				"down": {"uv": [16, 6, 0, 16], "texture": "#0", "tintindex": 0}
			}
		},
		{
			"from": [19.31371, -4.68729, 0],
			"to": [29.31371, -4.68729, 16],
			"shade": false,
			"rotation": {"angle": 0, "axis": "y", "origin": [20.28427, -3.27308, 8]},
			"faces": {
				"up": {"uv": [16, 6, 0, 16], "rotation": 90, "texture": "#0", "tintindex": 0},
				"down": {"uv": [0, 6, 16, 16], "rotation": 90, "texture": "#0", "tintindex": 0}
			}
		},
		{
			"from": [8, 0, 0],
			"to": [8, 10, 16],
			"shade": false,
			"rotation": {"angle": -45, "axis": "y", "origin": [8, -16, 8]},
			"faces": {
				"east": {"uv": [0, 6, 16, 16], "texture": "#0", "tintindex": 0},
				"west": {"uv": [16, 6, 0, 16], "texture": "#0", "tintindex": 0}
			}
		}
	]
}