{
	"credit": "Made with Blockbench",
	"parent": "block/block",
	"ambientocclusion": false,
	"textures": {
		"0": "block/vegetation/lily_pad_large",
		"1": "block/vegetation/lily_pad_lotus_3",
		"2": "block/vegetation/lily_pad_stem",
		"3": "block/vegetation/lily_pad_lotus_petal_3",
		"particle": "block/vegetation/lily_pad_large"
	},
	"elements": [
		{
			"from": [0, 0, 0],
			"to": [16, 0, 16],
			"faces": {
				"up": {"uv": [0, 0, 16, 16], "texture": "#0", "tintindex": 0},
				"down": {"uv": [0, 16, 16, 0], "texture": "#0", "tintindex": 0}
			}
		},
		{
			"from": [0.1, -16, 3],
			"to": [0.1, 0, 19],
			"rotation": {"angle": 45, "axis": "y", "origin": [0.3, 0, 1]},
			"faces": {
				"north": {"uv": [0, 0, 0, 16], "texture": "#missing"},
				"east": {"uv": [0, 0, 16, 16], "texture": "#2", "tintindex": 0},
				"south": {"uv": [0, 0, 0, 16], "texture": "#missing"},
				"west": {"uv": [16, 0, 0, 16], "texture": "#2", "tintindex": 0},
				"up": {"uv": [0, 0, 0, 16], "texture": "#missing"},
				"down": {"uv": [0, 0, 0, 16], "texture": "#missing"}
			}
		},
		{
			"from": [11.1, -16, -7],
			"to": [11.1, 0, 9],
			"rotation": {"angle": -45, "axis": "y", "origin": [0.3, 0, 1]},
			"faces": {
				"north": {"uv": [0, 0, 0, 16], "texture": "#missing"},
				"east": {"uv": [0, 0, 16, 16], "texture": "#2", "tintindex": 0},
				"south": {"uv": [0, 0, 0, 16], "texture": "#missing"},
				"west": {"uv": [16, 0, 0, 16], "texture": "#2", "tintindex": 0},
				"up": {"uv": [0, 0, 0, 16], "texture": "#missing"},
				"down": {"uv": [0, 0, 0, 16], "texture": "#missing"}
			}
		},
		{
			"name": "flower",
			"from": [0, 0.2, 1],
			"to": [16, 0.2, 17],
			"shade": false,
			"rotation": {"angle": 0, "axis": "y", "origin": [0, 0.2, 1]},
			"faces": {
				"up": {"uv": [0, 0, 16, 16], "texture": "#1"},
				"down": {"uv": [0, 0, 16, 16], "texture": "#1"}
			}
		},
		{
			"name": "petals",
			"from": [9, 0.2, 6],
			"to": [9, 6.2, 10],
			"shade": false,
			"rotation": {"angle": -45, "axis": "z", "origin": [9, 0.2, 8]},
			"faces": {
				"east": {"uv": [10, 10, 6, 16], "texture": "#3"},
				"west": {"uv": [6, 10, 10, 16], "texture": "#3"}
			}
		},
		{
			"name": "petals",
			"from": [7, 0.2, 6],
			"to": [7, 6.2, 10],
			"shade": false,
			"rotation": {"angle": 45, "axis": "z", "origin": [7, 0.2, 8]},
			"faces": {
				"east": {"uv": [10, 10, 6, 16], "texture": "#3"},
				"west": {"uv": [6, 10, 10, 16], "texture": "#3"}
			}
		},
		{
			"name": "petals",
			"from": [6, 0.2, 9],
			"to": [10, 6.2, 9],
			"shade": false,
			"rotation": {"angle": 45, "axis": "x", "origin": [8, 0.2, 9]},
			"faces": {
				"north": {"uv": [6, 10, 10, 16], "texture": "#3"},
				"south": {"uv": [10, 10, 6, 16], "texture": "#3"}
			}
		},
		{
			"name": "petals",
			"from": [6, 0.2, 7],
			"to": [10, 6.2, 7],
			"shade": false,
			"rotation": {"angle": -45, "axis": "x", "origin": [8, 0.2, 7]},
			"faces": {
				"north": {"uv": [6, 10, 10, 16], "texture": "#3"},
				"south": {"uv": [10, 10, 6, 16], "texture": "#3"}
			}
		}
	]
}