{
	"credit": "Made with Blockbench",
	"parent": "block/block",
	"ambientocclusion": false,
	"textures": {
		"0": "block/lily_pad",
		"2": "block/vegetation/lily_pad_stem",
		"particle": "block/lily_pad"
	},
	"elements": [
		{
			"from": [0, 0, 0],
			"to": [16, 0, 16],
			"faces": {
				"up": {"uv": [0, 0, 16, 16], "texture": "#0", "tintindex": 0},
				"down": {"uv": [0, 16, 16, 0], "texture": "#0", "tintindex": 0}
			}
		},
		{
			"from": [1.1, -16, 3],
			"to": [1.1, 0, 19],
			"rotation": {"angle": 45, "axis": "y", "origin": [1.3, 0, 1]},
			"faces": {
				"north": {"uv": [0, 0, 0, 16], "texture": "#missing"},
				"east": {"uv": [0, 0, 16, 16], "texture": "#2", "tintindex": 0},
				"south": {"uv": [0, 0, 0, 16], "texture": "#missing"},
				"west": {"uv": [16, 0, 0, 16], "texture": "#2", "tintindex": 0},
				"up": {"uv": [0, 0, 0, 16], "texture": "#missing"},
				"down": {"uv": [0, 0, 0, 16], "texture": "#missing"}
			}
		},
		{
			"from": [12.1, -16, -7],
			"to": [12.1, 0, 9],
			"rotation": {"angle": -45, "axis": "y", "origin": [1.3, 0, 1]},
			"faces": {
				"north": {"uv": [0, 0, 0, 16], "texture": "#missing"},
				"east": {"uv": [0, 0, 16, 16], "texture": "#2", "tintindex": 0},
				"south": {"uv": [0, 0, 0, 16], "texture": "#missing"},
				"west": {"uv": [16, 0, 0, 16], "texture": "#2", "tintindex": 0},
				"up": {"uv": [0, 0, 0, 16], "texture": "#missing"},
				"down": {"uv": [0, 0, 0, 16], "texture": "#missing"}
			}
		}
	]
}