{
	"credit": "Made with Blockbench",
	"parent": "minecraft:block/cross",
	"textures": {
		"cross": "block/vegetation/red_mushroom_2"
	},
	"elements": [
		{
			"from": [8, 0, 8],
			"to": [10, 5, 10],
			"rotation": {"angle": 0, "axis": "y", "origin": [8, 1, 8]},
			"faces": {
				"north": {"uv": [2, 11, 4, 16], "texture": "#cross"},
				"east": {"uv": [2, 11, 4, 16], "texture": "#cross"},
				"south": {"uv": [2, 11, 4, 16], "texture": "#cross"},
				"west": {"uv": [2, 11, 4, 16], "texture": "#cross"},
				"down": {"uv": [2, 12, 4, 14], "texture": "#cross"}
			}
		},
		{
			"from": [7, 3, 7],
			"to": [11, 5, 11],
			"rotation": {"angle": 0, "axis": "y", "origin": [7, 3, 7]},
			"faces": {
				"north": {"uv": [8, 1, 12, 3], "texture": "#cross"},
				"east": {"uv": [8, 1, 12, 3], "texture": "#cross"},
				"south": {"uv": [8, 1, 12, 3], "texture": "#cross"},
				"west": {"uv": [8, 1, 12, 3], "texture": "#cross"}
			}
		},
		{
			"from": [5, 5, 5],
			"to": [13, 7, 13],
			"rotation": {"angle": 0, "axis": "y", "origin": [6, 5, 6]},
			"faces": {
				"north": {"uv": [4, 11, 12, 13], "texture": "#cross"},
				"east": {"uv": [4, 11, 12, 13], "texture": "#cross"},
				"south": {"uv": [4, 11, 12, 13], "texture": "#cross"},
				"west": {"uv": [4, 11, 12, 13], "texture": "#cross"},
				"up": {"uv": [0, 0, 8, 8], "texture": "#cross"},
				"down": {"uv": [0, 0, 8, 8], "texture": "#cross"}
			}
		}
	]
}