{
    "variants": {
        "": [
            { "model": "block/grass_path", "y": 90, "uvlock": true, "weight": 8 },
            { "model": "block/grass_path", "y": 180, "uvlock": true, "weight": 9 },
            { "model": "block/grass_path", "y": 270, "uvlock": true, "weight": 13 },
			{ "model": "block/grass_path_1", "uvlock": true, "weight": 7 },
			{ "model": "block/grass_path_2", "uvlock": true, "weight": 7 },
			{ "model": "block/grass_path_3", "uvlock": true, "weight": 7 },
			{ "model": "block/grass_path_4", "uvlock": true, "weight": 7 },
			{ "model": "block/grass_path_5", "uvlock": true, "weight": 3 }
        ]
    }
}
