{
  "variants": {
    "snowy=false": [
      {
        "model": "minecraft:block/dirt"
      },
      {
        "model": "minecraft:block/dirt",
        "y": 90, "uvlock": true, "weight": 10
      },
      {
        "model": "minecraft:block/dirt",
        "y": 180, "uvlock": true, "weight": 10
      },
      {
        "model": "minecraft:block/dirt",
        "y": 270, "uvlock": true, "weight": 10
      },
	  {"model": "block/dirt", "weight": 10 },
	  {"model": "block/dirt_1", "weight": 10 },
	  {"model": "block/dirt_2", "weight": 10 }
    ],
    "snowy=true": {
      "model": "minecraft:block/grass_block_snow"
    }
  }
}