{
	"credit": "Made with Blockbench",
	"parent": "minecraft:block/crop",
	"textures": {
		"crop": "block/beetroots_stage2"
	},
	"elements": [
		{
			"from": [-3, -2, 4.95],
			"to": [13, 14, 4.95],
			"shade": false,
			"rotation": {"angle": -22.5, "axis": "y", "origin": [5, -2, 4.95]},
			"faces": {
				"north": {"uv": [0, 0, 16, 16], "texture": "#crop"},
				"south": {"uv": [16, 0, 0, 16], "texture": "#crop"}
			}
		},
		{
			"from": [5, -2, -3.05],
			"to": [5, 14, 12.95],
			"shade": false,
			"rotation": {"angle": -22.5, "axis": "y", "origin": [5, -2, 5.2]},
			"faces": {
				"east": {"uv": [16, 0, 0, 16], "texture": "#crop"},
				"west": {"uv": [0, 0, 16, 16], "texture": "#crop"}
			}
		},
		{
			"from": [-4, -1, 12.65],
			"to": [12, 15, 12.65],
			"shade": false,
			"rotation": {"angle": 22.5, "axis": "y", "origin": [4, -1, 12.65]},
			"faces": {
				"north": {"uv": [0, 0, 16, 16], "texture": "#crop"},
				"south": {"uv": [16, 0, 0, 16], "texture": "#crop"}
			}
		},
		{
			"from": [4, -1, 4.65],
			"to": [4, 15, 20.65],
			"shade": false,
			"rotation": {"angle": 22.5, "axis": "y", "origin": [4, -1, 12.9]},
			"faces": {
				"east": {"uv": [16, 0, 0, 16], "texture": "#crop"},
				"west": {"uv": [0, 0, 16, 16], "texture": "#crop"}
			}
		},
		{
			"from": [4.9, -1, 3.65],
			"to": [20.9, 15, 3.65],
			"shade": false,
			"rotation": {"angle": 22.5, "axis": "y", "origin": [12.9, -1, 3.65]},
			"faces": {
				"north": {"uv": [0, 0, 16, 16], "texture": "#crop"},
				"south": {"uv": [16, 0, 0, 16], "texture": "#crop"}
			}
		},
		{
			"from": [12.9, -1, -4.35],
			"to": [12.9, 15, 11.65],
			"shade": false,
			"rotation": {"angle": 22.5, "axis": "y", "origin": [12.9, -1, 3.9]},
			"faces": {
				"east": {"uv": [16, 0, 0, 16], "texture": "#crop"},
				"west": {"uv": [0, 0, 16, 16], "texture": "#crop"}
			}
		},
		{
			"from": [4.6, -1, 12.45],
			"to": [20.6, 15, 12.45],
			"shade": false,
			"rotation": {"angle": -45, "axis": "y", "origin": [12.6, -1, 12.45]},
			"faces": {
				"north": {"uv": [0, 0, 16, 16], "texture": "#crop"},
				"south": {"uv": [16, 0, 0, 16], "texture": "#crop"}
			}
		},
		{
			"from": [12.6, -1, 4.45],
			"to": [12.6, 15, 20.45],
			"shade": false,
			"rotation": {"angle": -45, "axis": "y", "origin": [12.6, -1, 12.7]},
			"faces": {
				"east": {"uv": [16, 0, 0, 16], "texture": "#crop"},
				"west": {"uv": [0, 0, 16, 16], "texture": "#crop"}
			}
		}
	]
}