{
	"credit": "Designed by tomaxed with Cubik",
	"textures": {
		"particle": "block/cherry_leaves",
		"all": "block/cherry_leaves",
		"extra": "block/cherry_leaves_extra"
	},
	"elements": [
		{
			"from": [0, 0, 0],
			"to": [16, 16, 16],
			"faces": {
				"north": {"uv": [0, 0, 16, 16], "texture": "#all", "cullface": "north", "tintindex": 0},
				"east": {"uv": [0, 0, 16, 16], "texture": "#all", "cullface": "east", "tintindex": 0},
				"south": {"uv": [0, 0, 16, 16], "texture": "#all", "cullface": "south", "tintindex": 0},
				"west": {"uv": [0, 0, 16, 16], "texture": "#all", "cullface": "west", "tintindex": 0},
				"up": {"uv": [0, 0, 16, 16], "texture": "#all", "cullface": "up", "tintindex": 0},
				"down": {"uv": [16, 16, 0, 0], "texture": "#all", "cullface": "down", "tintindex": 0}
			}
		},
		{
			"from": [-6.815, -13, 14.125],
			"to": [25.185, 19, 14.185],
			"shade": false,
			"rotation": {"angle": 22.5, "axis": "y", "origin": [-6.815, -13, 14.125]},
			"faces": {
				"north": {"uv": [0, 0, 16, 16], "texture": "#extra", "tintindex": 0},
				"south": {"uv": [0, 0, 16, 16], "texture": "#extra", "tintindex": 0}
			}
		},
		{
			"from": [1.875, -13, -6.815],
			"to": [1.935, 19, 25.185],
			"shade": false,
			"rotation": {"angle": 22.5, "axis": "y", "origin": [1.875, -13, -6.812]},
			"faces": {
				"east": {"uv": [0, 0, 16, 16], "texture": "#extra", "tintindex": 0},
				"west": {"uv": [0, 0, 16, 16], "texture": "#extra", "tintindex": 0}
			}
		}
	]
}