{
	"credit": "Designed by tomaxed with Cubik",
	"textures": {
		"particle": "block/cherry_leaves",
		"all": "block/cherry_leaves",
		"extra": "block/cherry_leaves_extra_2"
	},
	"elements": [
		{
			"from": [0, 0, 0],
			"to": [16, 16, 16],
			"faces": {
				"north": {"uv": [0, 0, 16, 16], "texture": "#all", "cullface": "north", "tintindex": 0},
				"east": {"uv": [0, 0, 16, 16], "texture": "#all", "cullface": "east", "tintindex": 0},
				"south": {"uv": [0, 0, 16, 16], "texture": "#all", "cullface": "south", "tintindex": 0},
				"west": {"uv": [0, 0, 16, 16], "texture": "#all", "cullface": "west", "tintindex": 0},
				"up": {"uv": [0, 0, 16, 16], "texture": "#all", "cullface": "up", "tintindex": 0},
				"down": {"uv": [16, 16, 0, 0], "texture": "#all", "cullface": "down", "tintindex": 0}
			}
		},
		{
			"from": [-7.71771, -11, 7.99103],
			"to": [24.28229, 21, 8.05103],
			"shade": false,
			"rotation": {"angle": 45, "axis": "y", "origin": [8.125, -11, 8.188]},
			"faces": {
				"north": {"uv": [0, 0, 16, 16], "texture": "#extra", "tintindex": 0},
				"south": {"uv": [0, 0, 16, 16], "texture": "#extra", "tintindex": 0}
			}
		},
		{
			"from": [8.18016, -11, -8.03064],
			"to": [8.24016, 21, 23.96936],
			"shade": false,
			"rotation": {"angle": 45, "axis": "y", "origin": [8.125, -11, 8.188]},
			"faces": {
				"east": {"uv": [0, 0, 16, 16], "texture": "#extra", "tintindex": 0},
				"west": {"uv": [0, 0, 16, 16], "texture": "#extra", "tintindex": 0}
			}
		}
	]
}