{
	"credit": "Made with Blockbench",
	"parent": "minecraft:block/cross",
	"textures": {
		"cross": "block/vegetation/brown_mushroom_1"
	},
	"elements": [
		{
			"from": [5, 0, 8],
			"to": [7, 4, 10],
			"rotation": {"angle": 0, "axis": "y", "origin": [5, 0, 8]},
			"faces": {
				"north": {"uv": [2, 12, 4, 16], "texture": "#cross"},
				"east": {"uv": [2, 12, 4, 16], "texture": "#cross"},
				"south": {"uv": [2, 12, 4, 16], "texture": "#cross"},
				"west": {"uv": [2, 12, 4, 16], "texture": "#cross"},
				"down": {"uv": [2, 12, 4, 14], "texture": "#cross"}
			}
		},
		{
			"from": [3, 4, 6],
			"to": [9, 6, 12],
			"rotation": {"angle": 0, "axis": "y", "origin": [3, 4, 6]},
			"faces": {
				"north": {"uv": [0, 4, 6, 2], "texture": "#cross"},
				"east": {"uv": [0, 4, 6, 2], "texture": "#cross"},
				"south": {"uv": [0, 4, 6, 2], "texture": "#cross"},
				"west": {"uv": [0, 4, 6, 2], "texture": "#cross"},
				"up": {"uv": [0, 2, 6, 8], "texture": "#cross"},
				"down": {"uv": [0, 2, 6, 8], "texture": "#cross"}
			}
		},
		{
			"from": [4, 6, 7],
			"to": [8, 7, 11],
			"rotation": {"angle": 0, "axis": "y", "origin": [4, 6, 7]},
			"faces": {
				"north": {"uv": [1, 0, 5, 1], "texture": "#cross"},
				"east": {"uv": [1, 0, 5, 1], "texture": "#cross"},
				"south": {"uv": [1, 0, 5, 1], "texture": "#cross"},
				"west": {"uv": [1, 0, 5, 1], "texture": "#cross"},
				"up": {"uv": [1, 3, 5, 7], "texture": "#cross"}
			}
		}
	]
}