{
	"credit": "Made with Blockbench",
	"parent": "minecraft:block/crop",
	"textures": {
		"crop": "block/carrots_stage0"
	},
	"elements": [
		{
			"from": [-2, -1, 5.65],
			"to": [14, 15, 5.65],
			"shade": false,
			"rotation": {"angle": 0, "axis": "y", "origin": [6, -1, 5.65]},
			"faces": {
				"north": {"uv": [0, 0, 16, 16], "texture": "#crop"},
				"south": {"uv": [16, 0, 0, 16], "texture": "#crop"}
			}
		},
		{
			"from": [6, -1, -2.35],
			"to": [6, 15, 13.65],
			"shade": false,
			"rotation": {"angle": 0, "axis": "y", "origin": [6, -1, 5.9]},
			"faces": {
				"east": {"uv": [16, 0, 0, 16], "texture": "#crop"},
				"west": {"uv": [0, 0, 16, 16], "texture": "#crop"}
			}
		},
		{
			"from": [-4, -1, 12.65],
			"to": [12, 15, 12.65],
			"shade": false,
			"rotation": {"angle": 22.5, "axis": "y", "origin": [4, -1, 12.65]},
			"faces": {
				"north": {"uv": [0, 0, 16, 16], "texture": "#crop"},
				"south": {"uv": [16, 0, 0, 16], "texture": "#crop"}
			}
		},
		{
			"from": [4, -1, 4.65],
			"to": [4, 15, 20.65],
			"shade": false,
			"rotation": {"angle": 22.5, "axis": "y", "origin": [4, -1, 12.9]},
			"faces": {
				"east": {"uv": [16, 0, 0, 16], "texture": "#crop"},
				"west": {"uv": [0, 0, 16, 16], "texture": "#crop"}
			}
		},
		{
			"from": [4, -1, 3.65],
			"to": [20, 15, 3.65],
			"shade": false,
			"rotation": {"angle": 22.5, "axis": "y", "origin": [12, -1, 3.65]},
			"faces": {
				"north": {"uv": [0, 0, 16, 16], "texture": "#crop"},
				"south": {"uv": [16, 0, 0, 16], "texture": "#crop"}
			}
		},
		{
			"from": [12, -1, -4.35],
			"to": [12, 15, 11.65],
			"shade": false,
			"rotation": {"angle": 22.5, "axis": "y", "origin": [12, -1, 3.9]},
			"faces": {
				"east": {"uv": [16, 0, 0, 16], "texture": "#crop"},
				"west": {"uv": [0, 0, 16, 16], "texture": "#crop"}
			}
		},
		{
			"from": [4, -1, 11.65],
			"to": [20, 15, 11.65],
			"shade": false,
			"rotation": {"angle": -45, "axis": "y", "origin": [12, -1, 11.65]},
			"faces": {
				"north": {"uv": [0, 0, 16, 16], "texture": "#crop"},
				"south": {"uv": [16, 0, 0, 16], "texture": "#crop"}
			}
		},
		{
			"from": [12, -1, 3.65],
			"to": [12, 15, 19.65],
			"shade": false,
			"rotation": {"angle": -45, "axis": "y", "origin": [12, -1, 11.9]},
			"faces": {
				"east": {"uv": [16, 0, 0, 16], "texture": "#crop"},
				"west": {"uv": [0, 0, 16, 16], "texture": "#crop"}
			}
		}
	]
}