{
	"credit": "Made with Blockbench",
	"parent": "minecraft:block/template_anvil",
	"textures": {
		"1": "block/anvil",
		"2": "block/anvil_bottom",
		"top": "block/damaged_anvil_top",
		"particle": "block/anvil"
	},
	"elements": [
		{
			"from": [3, 10, 0],
			"to": [13, 16, 16],
			"rotation": {"angle": 0, "axis": "y", "origin": [3, 10, 0]},
			"faces": {
				"north": {"uv": [3, 0, 13, 6], "texture": "#1"},
				"east": {"uv": [0, 0, 16, 6], "texture": "#1"},
				"south": {"uv": [3, 0, 13, 6], "texture": "#1"},
				"west": {"uv": [0, 0, 16, 6], "texture": "#1"},
				"up": {"uv": [3, 0, 13, 16], "texture": "#top"},
				"down": {"uv": [3, 0, 13, 16], "texture": "#top"}
			}
		},
		{
			"from": [2, 0, 2],
			"to": [14, 4, 14],
			"rotation": {"angle": 0, "axis": "y", "origin": [2, 0, 2]},
			"faces": {
				"north": {"uv": [2, 12, 14, 16], "texture": "#1"},
				"east": {"uv": [2, 12, 14, 16], "texture": "#1"},
				"south": {"uv": [2, 12, 14, 16], "texture": "#1"},
				"west": {"uv": [2, 12, 14, 16], "texture": "#1"},
				"up": {"uv": [2, 2, 14, 14], "texture": "#2"},
				"down": {"uv": [2, 2, 14, 14], "texture": "#2"}
			}
		},
		{
			"from": [3, 4, 3],
			"to": [13, 5, 13],
			"rotation": {"angle": 0, "axis": "y", "origin": [3, 4, 3]},
			"faces": {
				"north": {"uv": [3, 11, 13, 12], "texture": "#1"},
				"east": {"uv": [3, 11, 13, 12], "texture": "#1"},
				"south": {"uv": [3, 11, 13, 12], "texture": "#1"},
				"west": {"uv": [3, 11, 13, 12], "texture": "#1"},
				"up": {"uv": [3, 3, 13, 13], "texture": "#2"}
			}
		},
		{
			"from": [5, 5, 4],
			"to": [11, 10, 12],
			"rotation": {"angle": 0, "axis": "y", "origin": [5, 5, 4]},
			"faces": {
				"north": {"uv": [5, 6, 11, 11], "texture": "#1"},
				"east": {"uv": [4, 6, 12, 11], "texture": "#1"},
				"south": {"uv": [5, 6, 11, 11], "texture": "#1"},
				"west": {"uv": [4, 6, 12, 11], "texture": "#1"}
			}
		}
	]
}