{
	"credit": "Made with Blockbench",
	"parent": "minecraft:block/orientable_vertical",
	"textures": {
		"2": "block/dispenser_side_vertical",
		"front": "block/dispenser_front_vertical",
		"side": "block/furnace_top",
		"particle": "block/dispenser_side_vertical"
	},
	"elements": [
		{
			"from": [0, 0, 0],
			"to": [16, 16, 16],
			"faces": {
				"north": {"uv": [0, 0, 16, 16], "texture": "#2"},
				"east": {"uv": [0, 0, 16, 16], "texture": "#2"},
				"south": {"uv": [0, 0, 16, 16], "texture": "#2"},
				"west": {"uv": [0, 0, 16, 16], "texture": "#2"},
				"up": {"uv": [0, 0, 16, 16], "texture": "#front"},
				"down": {"uv": [0, 0, 16, 16], "texture": "#side"}
			}
		}
	]
}