{
	"credit": "Made with Blockbench",
	"parent": "block/block",
	"textures": {
		"3": "block/enchanting_table_top_a",
		"particle": "block/enchanting_table_bottom",
		"bottom": "block/enchanting_table_bottom",
		"top": "block/enchanting_table_top",
		"side": "block/enchanting_table_side"
	},
	"elements": [
		{
			"from": [0, 8, 0],
			"to": [16, 12, 16],
			"rotation": {"angle": 0, "axis": "y", "origin": [0, 10, 0]},
			"faces": {
				"north": {"uv": [0, 4, 16, 8], "texture": "#side"},
				"east": {"uv": [0, 4, 16, 8], "texture": "#side"},
				"south": {"uv": [0, 4, 16, 8], "texture": "#side"},
				"west": {"uv": [0, 4, 16, 8], "texture": "#side"},
				"up": {"uv": [0, 0, 16, 16], "texture": "#top"},
				"down": {"uv": [0, 0, 16, 16], "texture": "#bottom"}
			}
		},
		{
			"from": [3, 7, 3],
			"to": [13, 8, 13],
			"rotation": {"angle": 0, "axis": "y", "origin": [3, 6, 3]},
			"faces": {
				"north": {"uv": [3, 1, 13, 2], "texture": "#side"},
				"east": {"uv": [3, 1, 13, 2], "texture": "#side"},
				"south": {"uv": [3, 1, 13, 2], "texture": "#side"},
				"west": {"uv": [3, 1, 13, 2], "texture": "#side"},
				"down": {"uv": [0, 0, 10, 10], "texture": "#3"}
			}
		},
		{
			"from": [0, 0, 0],
			"to": [16, 2, 16],
			"faces": {
				"north": {"uv": [0, 14, 16, 16], "texture": "#side"},
				"east": {"uv": [0, 14, 16, 16], "texture": "#side"},
				"south": {"uv": [0, 14, 16, 16], "texture": "#side"},
				"west": {"uv": [0, 14, 16, 16], "texture": "#side"},
				"up": {"uv": [0, 0, 16, 16], "texture": "#3"},
				"down": {"uv": [0, 0, 16, 16], "texture": "#bottom"}
			}
		},
		{
			"from": [2, 2, 2],
			"to": [14, 3, 14],
			"rotation": {"angle": 0, "axis": "y", "origin": [2, 1, 2]},
			"faces": {
				"north": {"uv": [2, 13, 14, 14], "texture": "#side"},
				"east": {"uv": [2, 13, 14, 14], "texture": "#side"},
				"south": {"uv": [2, 13, 14, 14], "texture": "#side"},
				"west": {"uv": [2, 13, 14, 14], "texture": "#side"},
				"up": {"uv": [2, 2, 14, 14], "texture": "#3"}
			}
		},
		{
			"from": [4, 3, 4],
			"to": [12, 7, 12],
			"rotation": {"angle": 0, "axis": "y", "origin": [4, 3, 4]},
			"faces": {
				"north": {"uv": [4, 9, 12, 13], "texture": "#side"},
				"east": {"uv": [4, 9, 12, 13], "texture": "#side"},
				"south": {"uv": [4, 9, 12, 13], "texture": "#side"},
				"west": {"uv": [4, 9, 12, 13], "texture": "#side"}
			}
		},
		{
			"from": [0, 7, 6],
			"to": [0, 8, 10],
			"rotation": {"angle": 0, "axis": "y", "origin": [8, 12, 8]},
			"faces": {
				"west": {"uv": [6, 8, 10, 9], "texture": "#side"}
			}
		},
		{
			"from": [7, 6, 16],
			"to": [9, 7, 16],
			"rotation": {"angle": 0, "axis": "y", "origin": [8, 12, 8]},
			"faces": {
				"south": {"uv": [7, 2, 9, 3], "texture": "#side"}
			}
		},
		{
			"from": [6, 7, 16],
			"to": [10, 8, 16],
			"rotation": {"angle": 0, "axis": "y", "origin": [8, 12, 8]},
			"faces": {
				"south": {"uv": [6, 8, 10, 9], "texture": "#side"}
			}
		},
		{
			"from": [16, 6, 7],
			"to": [16, 7, 9],
			"rotation": {"angle": 0, "axis": "y", "origin": [8, 12, 8]},
			"faces": {
				"east": {"uv": [7, 2, 9, 3], "texture": "#side"}
			}
		},
		{
			"from": [16, 7, 6],
			"to": [16, 8, 10],
			"rotation": {"angle": 0, "axis": "y", "origin": [8, 12, 8]},
			"faces": {
				"east": {"uv": [6, 8, 10, 9], "texture": "#side"}
			}
		},
		{
			"from": [7, 6, 0],
			"to": [9, 7, 0],
			"rotation": {"angle": 0, "axis": "y", "origin": [8, 12, 8]},
			"faces": {
				"north": {"uv": [7, 2, 9, 3], "texture": "#side"}
			}
		},
		{
			"from": [6, 7, 0],
			"to": [10, 8, 0],
			"rotation": {"angle": 0, "axis": "y", "origin": [8, 12, 8]},
			"faces": {
				"north": {"uv": [6, 8, 10, 9], "texture": "#side"}
			}
		},
		{
			"from": [0, 6, 7],
			"to": [0, 7, 9],
			"rotation": {"angle": 0, "axis": "y", "origin": [8, 12, 8]},
			"faces": {
				"west": {"uv": [7, 2, 9, 3], "texture": "#side"}
			}
		}
	]
}