{
	"credit": "Made with Blockbench",
	"parent": "block/tinted_cross",
	"textures": {
		"0": "block/vegetation/small_fern",
		"particle": "block/vegetation/small_fern"
	},
	"elements": [
		{
			"from": [7, 0, 0],
			"to": [7, 7, 16],
			"shade": false,
			"rotation": {"angle": 45, "axis": "z", "origin": [7, 0, 8]},
			"faces": {
				"east": {"uv": [0, 9, 16, 16], "texture": "#0", "tintindex": 0},
				"west": {"uv": [0, 9, 16, 16], "texture": "#0", "tintindex": 0}
			}
		},
		{
			"from": [-7.48227, 2.27075, 0],
			"to": [1.51773, 2.27075, 16],
			"shade": false,
			"rotation": {"angle": -22.5, "axis": "z", "origin": [8.51773, 2.27075, 8]},
			"faces": {
				"up": {"uv": [0, 0, 16, 9], "rotation": 270, "texture": "#0", "tintindex": 0},
				"down": {"uv": [0, 0, 16, 9], "rotation": 270, "texture": "#0", "tintindex": 0}
			}
		},
		{
			"from": [9, 0, 0],
			"to": [9, 6, 16],
			"shade": false,
			"rotation": {"angle": -45, "axis": "z", "origin": [9, 0, 8]},
			"faces": {
				"east": {"uv": [0, 10, 16, 16], "texture": "#0", "tintindex": 0},
				"west": {"uv": [0, 10, 16, 16], "texture": "#0", "tintindex": 0}
			}
		},
		{
			"from": [13.69975, 1.94562, 0],
			"to": [23.69975, 1.94562, 16],
			"shade": false,
			"rotation": {"angle": 22.5, "axis": "z", "origin": [7.69975, 1.94562, 8]},
			"faces": {
				"up": {"uv": [0, 0, 16, 10], "rotation": 90, "texture": "#0", "tintindex": 0},
				"down": {"uv": [0, 0, 16, 10], "rotation": 90, "texture": "#0", "tintindex": 0}
			}
		},
		{
			"from": [0, 0, 9],
			"to": [16, 7, 9],
			"shade": false,
			"rotation": {"angle": 45, "axis": "x", "origin": [8, 0, 9]},
			"faces": {
				"north": {"uv": [0, 9, 16, 16], "texture": "#0", "tintindex": 0},
				"south": {"uv": [0, 9, 16, 16], "texture": "#0", "tintindex": 0}
			}
		},
		{
			"from": [0, 4.94875, 13.94975],
			"to": [16, 4.94875, 22.94975],
			"shade": false,
			"rotation": {"angle": 0, "axis": "x", "origin": [8, 4.94875, 6.94975]},
			"faces": {
				"up": {"uv": [0, 0, 16, 9], "rotation": 180, "texture": "#0", "tintindex": 0},
				"down": {"uv": [0, 0, 16, 9], "texture": "#0", "tintindex": 0}
			}
		},
		{
			"from": [-1, 0, 7],
			"to": [15, 8, 7],
			"shade": false,
			"rotation": {"angle": -45, "axis": "x", "origin": [7, 0, 7]},
			"faces": {
				"north": {"uv": [0, 8, 16, 16], "texture": "#0", "tintindex": 0},
				"south": {"uv": [0, 8, 16, 16], "texture": "#0", "tintindex": 0}
			}
		},
		{
			"from": [-1, 8.7174, -7.26544],
			"to": [15, 8.7174, 0.73456],
			"shade": false,
			"rotation": {"angle": -22.5, "axis": "x", "origin": [7, 8.7174, 8.73456]},
			"faces": {
				"up": {"uv": [0, 0, 16, 8], "texture": "#0", "tintindex": 0},
				"down": {"uv": [0, 0, 16, 8], "rotation": 180, "texture": "#0", "tintindex": 0}
			}
		},
		{
			"from": [8, 0, 0.1],
			"to": [8, 16, 16.1],
			"shade": false,
			"rotation": {"angle": -45, "axis": "y", "origin": [8, 0, 8.1]},
			"faces": {
				"east": {"uv": [0, 0, 16, 16], "texture": "#0", "tintindex": 0},
				"west": {"uv": [0, 0, 16, 16], "texture": "#0", "tintindex": 0}
			}
		},
		{
			"from": [0, 0, 8.1],
			"to": [16, 16, 8.1],
			"shade": false,
			"rotation": {"angle": 22.5, "axis": "x", "origin": [8, 0, 8.1]},
			"faces": {
				"north": {"uv": [0, 0, 16, 16], "texture": "#0", "tintindex": 0},
				"south": {"uv": [0, 0, 16, 16], "texture": "#0", "tintindex": 0}
			}
		}
	]
}