{
	"credit": "Made with Blockbench",
	"parent": "minecraft:block/template_lantern",
	"textures": {
		"1": "block/lantern_1",
		"particle": "block/lantern_1",
		"lantern": "block/lantern"
	},
	"elements": [
		{
			"from": [5, 1, 5],
			"to": [11, 8, 11],
			"rotation": {"angle": 0, "axis": "y", "origin": [5, 2, 5]},
			"faces": {
				"north": {"uv": [0, 2, 6, 9], "texture": "#lantern"},
				"east": {"uv": [0, 2, 6, 9], "texture": "#lantern"},
				"south": {"uv": [0, 2, 6, 9], "texture": "#lantern"},
				"west": {"uv": [0, 2, 6, 9], "texture": "#lantern"},
				"up": {"uv": [0, 9, 6, 15], "texture": "#lantern"},
				"down": {"uv": [0, 9, 6, 15], "texture": "#lantern"}
			}
		},
		{
			"from": [6, 8, 6],
			"to": [10, 10, 10],
			"rotation": {"angle": 0, "axis": "y", "origin": [6, 8, 6]},
			"faces": {
				"north": {"uv": [1, 0, 5, 2], "texture": "#lantern"},
				"east": {"uv": [1, 0, 5, 2], "texture": "#lantern"},
				"south": {"uv": [1, 0, 5, 2], "texture": "#lantern"},
				"west": {"uv": [1, 0, 5, 2], "texture": "#lantern"},
				"up": {"uv": [1, 10, 5, 14], "texture": "#lantern"}
			}
		},
		{
			"from": [4.5, 7, 4.5],
			"to": [5, 8, 11.5],
			"rotation": {"angle": 0, "axis": "y", "origin": [4, 6, 4]},
			"faces": {
				"north": {"uv": [1, 2, 1.5, 3], "texture": "#1"},
				"south": {"uv": [1, 2, 1.5, 3], "texture": "#1"},
				"west": {"uv": [0.5, 2, 7.5, 3], "texture": "#1"},
				"up": {"uv": [0, 8.5, 0.5, 15.5], "texture": "#1"},
				"down": {"uv": [0, 8.5, 0.5, 15.5], "texture": "#1"}
			}
		},
		{
			"from": [11, 7, 4.5],
			"to": [11.5, 8, 11.5],
			"rotation": {"angle": 0, "axis": "y", "origin": [10.5, 6, 4]},
			"faces": {
				"north": {"uv": [1, 2, 1.5, 3], "texture": "#1"},
				"east": {"uv": [0.5, 2, 7.5, 3], "texture": "#1"},
				"south": {"uv": [1, 2, 1.5, 3], "texture": "#1"},
				"up": {"uv": [0, 8.5, 0.5, 15.5], "texture": "#1"},
				"down": {"uv": [0, 8.5, 0.5, 15.5], "texture": "#1"}
			}
		},
		{
			"from": [5, 7, 4.5],
			"to": [11, 8, 5],
			"rotation": {"angle": 0, "axis": "y", "origin": [5, 6, 4]},
			"faces": {
				"north": {"uv": [1, 2, 7, 3], "texture": "#1"},
				"south": {"uv": [1, 2, 7, 3], "texture": "#1"},
				"up": {"uv": [1, 2, 7, 2.5], "texture": "#1"},
				"down": {"uv": [1, 2, 7, 2.5], "texture": "#1"}
			}
		},
		{
			"from": [5, 7, 11],
			"to": [11, 8, 11.5],
			"rotation": {"angle": 0, "axis": "y", "origin": [5, 6, 10.5]},
			"faces": {
				"north": {"uv": [1, 2, 7, 3], "texture": "#1"},
				"south": {"uv": [1, 2, 7, 3], "texture": "#1"},
				"up": {"uv": [1, 2, 7, 2.5], "texture": "#1"},
				"down": {"uv": [1, 2, 7, 2.5], "texture": "#1"}
			}
		},
		{
			"from": [11, 1, 4.5],
			"to": [11.5, 2, 11.5],
			"rotation": {"angle": 0, "axis": "y", "origin": [10.5, 0, 4]},
			"faces": {
				"north": {"uv": [1, 2, 1.5, 3], "texture": "#1"},
				"east": {"uv": [0.5, 2, 7.5, 3], "texture": "#1"},
				"south": {"uv": [1, 2, 1.5, 3], "texture": "#1"},
				"up": {"uv": [0, 8.5, 0.5, 15.5], "texture": "#1"},
				"down": {"uv": [0, 8.5, 0.5, 15.5], "texture": "#1"}
			}
		},
		{
			"from": [5, 1, 4.5],
			"to": [11, 2, 5],
			"rotation": {"angle": 0, "axis": "y", "origin": [5, 0, 4]},
			"faces": {
				"north": {"uv": [1, 2, 7, 3], "texture": "#1"},
				"south": {"uv": [1, 2, 7, 3], "texture": "#1"},
				"up": {"uv": [1, 2, 7, 2.5], "texture": "#1"},
				"down": {"uv": [1, 2, 7, 2.5], "texture": "#1"}
			}
		},
		{
			"from": [4.5, 1, 4.5],
			"to": [5, 2, 11.5],
			"rotation": {"angle": 0, "axis": "y", "origin": [4, 0, 4]},
			"faces": {
				"north": {"uv": [1, 2, 1.5, 3], "texture": "#1"},
				"south": {"uv": [1, 2, 1.5, 3], "texture": "#1"},
				"west": {"uv": [0.5, 2, 7.5, 3], "texture": "#1"},
				"up": {"uv": [0, 8.5, 0.5, 15.5], "texture": "#1"},
				"down": {"uv": [0, 8.5, 0.5, 15.5], "texture": "#1"}
			}
		},
		{
			"from": [5, 1, 11],
			"to": [11, 2, 11.5],
			"rotation": {"angle": 0, "axis": "y", "origin": [5, 0, 10.5]},
			"faces": {
				"north": {"uv": [1, 2, 7, 3], "texture": "#1"},
				"south": {"uv": [1, 2, 7, 3], "texture": "#1"},
				"up": {"uv": [1, 2, 7, 2.5], "texture": "#1"},
				"down": {"uv": [1, 2, 7, 2.5], "texture": "#1"}
			}
		},
		{
			"from": [8, 10, 6.5],
			"to": [8, 12, 9.5],
			"rotation": {"angle": -45, "axis": "y", "origin": [8, 10, 7.9]},
			"faces": {
				"east": {"uv": [14, 10, 11, 12], "texture": "#lantern"},
				"west": {"uv": [11, 10, 14, 12], "texture": "#lantern"}
			}
		},
		{
			"from": [8, 14, 6.5],
			"to": [8, 16, 9.5],
			"rotation": {"angle": -45, "axis": "y", "origin": [8, 14, 7.9]},
			"faces": {
				"east": {"uv": [14, 6, 11, 8], "texture": "#lantern"},
				"west": {"uv": [11, 6, 14, 8], "texture": "#lantern"}
			}
		},
		{
			"from": [6.4, 11, 8],
			"to": [9.4, 15, 8],
			"rotation": {"angle": -45, "axis": "y", "origin": [8, 13, 8]},
			"faces": {
				"north": {"uv": [14, 1, 11, 5], "texture": "#lantern"},
				"south": {"uv": [11, 1, 14, 5], "texture": "#lantern"}
			}
		}
	]
}