{
	"credit": "Made with Blockbench",
	"parent": "block/carpet",
	"textures": {
		"2": "block/vegetation/moss_side",
		"particle": "block/moss_block",
		"wool": "block/moss_block"
	},
	"elements": [
		{
			"from": [0, 0, 0],
			"to": [16, 1, 16],
			"faces": {
				"north": {"uv": [0, 0, 16, 1], "texture": "#wool", "cullface": "north"},
				"east": {"uv": [0, 0, 16, 1], "texture": "#wool", "cullface": "east"},
				"south": {"uv": [0, 0, 16, 1], "texture": "#wool", "cullface": "south"},
				"west": {"uv": [0, 0, 16, 1], "texture": "#wool", "cullface": "west"},
				"up": {"uv": [0, 0, 16, 16], "texture": "#wool"},
				"down": {"uv": [0, 0, 16, 16], "texture": "#wool", "cullface": "down"}
			}
		},
		{
			"name": "moss_side_0",
			"from": [-0.01, -4, -0.01],
			"to": [16.01, 1, -0.01],
			"rotation": {"angle": 0, "axis": "y", "origin": [8, 1, 8]},
			"faces": {
				"north": {"uv": [16, 0, 0, 5], "texture": "#2", "cullface": "north"},
				"south": {"uv": [0, 0, 16, 5], "texture": "#2", "cullface": "north"}
			}
		},
		{
			"name": "moss_side_1",
			"from": [-0.01, -6, -0.01],
			"to": [2.01, -4, -0.01],
			"rotation": {"angle": 0, "axis": "y", "origin": [8, 1, 8]},
			"faces": {
				"north": {"uv": [2, 5, 0, 7], "texture": "#2", "cullface": "north"},
				"south": {"uv": [0, 5, 2, 7], "texture": "#2", "cullface": "north"}
			}
		},
		{
			"name": "moss_side_2",
			"from": [2.97, -6, -0.01],
			"to": [4.99, -4, -0.01],
			"rotation": {"angle": 0, "axis": "y", "origin": [7.99, 1, 8]},
			"faces": {
				"north": {"uv": [5, 5, 3, 7], "texture": "#2", "cullface": "north"},
				"south": {"uv": [3, 5, 5, 7], "texture": "#2", "cullface": "north"}
			}
		},
		{
			"name": "moss_side_3",
			"from": [4.99, -5, -0.01],
			"to": [10.01, -4, -0.01],
			"rotation": {"angle": 0, "axis": "y", "origin": [8, 1, 8]},
			"faces": {
				"north": {"uv": [10, 5, 5, 6], "texture": "#2", "cullface": "north"},
				"south": {"uv": [5, 5, 10, 6], "texture": "#2", "cullface": "north"}
			}
		},
		{
			"name": "moss_side_4",
			"from": [10.99, -5, -0.01],
			"to": [14.01, -4, -0.01],
			"rotation": {"angle": 0, "axis": "y", "origin": [8, 1, 8]},
			"faces": {
				"north": {"uv": [14, 5, 11, 6], "texture": "#2", "cullface": "north"},
				"south": {"uv": [11, 5, 14, 6], "texture": "#2", "cullface": "north"}
			}
		},
		{
			"name": "moss_side_5",
			"from": [14.99, -6, -0.01],
			"to": [16.01, -4, -0.01],
			"rotation": {"angle": 0, "axis": "y", "origin": [8, 1, 8]},
			"faces": {
				"north": {"uv": [16, 5, 15, 7], "texture": "#2", "cullface": "north"},
				"south": {"uv": [15, 5, 16, 7], "texture": "#2", "cullface": "north"}
			}
		},
		{
			"name": "moss_side_6",
			"from": [5.99, -6, -0.01],
			"to": [8.01, -5, -0.01],
			"rotation": {"angle": 0, "axis": "y", "origin": [8, 1, 8]},
			"faces": {
				"north": {"uv": [8, 6, 6, 7], "texture": "#2", "cullface": "north"},
				"south": {"uv": [6, 6, 8, 7], "texture": "#2", "cullface": "north"}
			}
		},
		{
			"name": "moss_side_7",
			"from": [8.99, -6, -0.01],
			"to": [10.01, -5, -0.01],
			"rotation": {"angle": 0, "axis": "y", "origin": [8, 1, 8]},
			"faces": {
				"north": {"uv": [10, 6, 9, 7], "texture": "#2", "cullface": "north"},
				"south": {"uv": [9, 6, 10, 7], "texture": "#2", "cullface": "north"}
			}
		},
		{
			"name": "moss_side_8",
			"from": [12.99, -6, -0.01],
			"to": [14.01, -5, -0.01],
			"rotation": {"angle": 0, "axis": "y", "origin": [8, 1, 8]},
			"faces": {
				"north": {"uv": [14, 6, 13, 7], "texture": "#2", "cullface": "north"},
				"south": {"uv": [13, 6, 14, 7], "texture": "#2", "cullface": "north"}
			}
		},
		{
			"name": "moss_side_9",
			"from": [-0.01, -7, -0.01],
			"to": [1.01, -6, -0.01],
			"rotation": {"angle": 0, "axis": "y", "origin": [8, 1, 8]},
			"faces": {
				"north": {"uv": [1, 7, 0, 8], "texture": "#2", "cullface": "north"},
				"south": {"uv": [0, 7, 1, 8], "texture": "#2", "cullface": "north"}
			}
		},
		{
			"name": "moss_side_10",
			"from": [3.97, -7, -0.01],
			"to": [4.99, -6, -0.01],
			"rotation": {"angle": 0, "axis": "y", "origin": [7.99, 1, 8]},
			"faces": {
				"north": {"uv": [5, 7, 4, 8], "texture": "#2", "cullface": "north"},
				"south": {"uv": [4, 7, 5, 8], "texture": "#2", "cullface": "north"}
			}
		},
		{
			"name": "moss_side_11",
			"from": [6.99, -7, -0.01],
			"to": [8.01, -6, -0.01],
			"rotation": {"angle": 0, "axis": "y", "origin": [8, 1, 8]},
			"faces": {
				"north": {"uv": [8, 7, 7, 8], "texture": "#2", "cullface": "north"},
				"south": {"uv": [7, 7, 8, 8], "texture": "#2", "cullface": "north"}
			}
		},
		{
			"name": "moss_side_0",
			"from": [16.01, -4, -0.01],
			"to": [16.01, 1, 16.01],
			"rotation": {"angle": 0, "axis": "y", "origin": [8, 1, 8]},
			"faces": {
				"east": {"uv": [16, 0, 0, 5], "texture": "#2", "cullface": "east"},
				"west": {"uv": [0, 0, 16, 5], "texture": "#2", "cullface": "east"}
			}
		},
		{
			"name": "moss_side_1",
			"from": [16.01, -6, -0.01],
			"to": [16.01, -4, 2.01],
			"rotation": {"angle": 0, "axis": "y", "origin": [8, 1, 8]},
			"faces": {
				"east": {"uv": [2, 5, 0, 7], "texture": "#2", "cullface": "east"},
				"west": {"uv": [0, 5, 2, 7], "texture": "#2", "cullface": "east"}
			}
		},
		{
			"name": "moss_side_2",
			"from": [16.01, -6, 2.97],
			"to": [16.01, -4, 4.99],
			"rotation": {"angle": 0, "axis": "y", "origin": [8, 1, 7.99]},
			"faces": {
				"east": {"uv": [5, 5, 3, 7], "texture": "#2", "cullface": "east"},
				"west": {"uv": [3, 5, 5, 7], "texture": "#2", "cullface": "east"}
			}
		},
		{
			"name": "moss_side_3",
			"from": [16.01, -5, 4.99],
			"to": [16.01, -4, 10.01],
			"rotation": {"angle": 0, "axis": "y", "origin": [8, 1, 8]},
			"faces": {
				"east": {"uv": [10, 5, 5, 6], "texture": "#2", "cullface": "east"},
				"west": {"uv": [5, 5, 10, 6], "texture": "#2", "cullface": "east"}
			}
		},
		{
			"name": "moss_side_4",
			"from": [16.01, -5, 10.99],
			"to": [16.01, -4, 14.01],
			"rotation": {"angle": 0, "axis": "y", "origin": [8, 1, 8]},
			"faces": {
				"east": {"uv": [14, 5, 11, 6], "texture": "#2", "cullface": "east"},
				"west": {"uv": [11, 5, 14, 6], "texture": "#2", "cullface": "east"}
			}
		},
		{
			"name": "moss_side_5",
			"from": [16.01, -6, 14.99],
			"to": [16.01, -4, 16.01],
			"rotation": {"angle": 0, "axis": "y", "origin": [8, 1, 8]},
			"faces": {
				"east": {"uv": [16, 5, 15, 7], "texture": "#2", "cullface": "east"},
				"west": {"uv": [15, 5, 16, 7], "texture": "#2", "cullface": "east"}
			}
		},
		{
			"name": "moss_side_6",
			"from": [16.01, -6, 5.99],
			"to": [16.01, -5, 8.01],
			"rotation": {"angle": 0, "axis": "y", "origin": [8, 1, 8]},
			"faces": {
				"east": {"uv": [8, 6, 6, 7], "texture": "#2", "cullface": "east"},
				"west": {"uv": [6, 6, 8, 7], "texture": "#2", "cullface": "east"}
			}
		},
		{
			"name": "moss_side_7",
			"from": [16.01, -6, 8.99],
			"to": [16.01, -5, 10.01],
			"rotation": {"angle": 0, "axis": "y", "origin": [8, 1, 8]},
			"faces": {
				"east": {"uv": [10, 6, 9, 7], "texture": "#2", "cullface": "east"},
				"west": {"uv": [9, 6, 10, 7], "texture": "#2", "cullface": "east"}
			}
		},
		{
			"name": "moss_side_8",
			"from": [16.01, -6, 12.99],
			"to": [16.01, -5, 14.01],
			"rotation": {"angle": 0, "axis": "y", "origin": [8, 1, 8]},
			"faces": {
				"east": {"uv": [14, 6, 13, 7], "texture": "#2", "cullface": "east"},
				"west": {"uv": [13, 6, 14, 7], "texture": "#2", "cullface": "east"}
			}
		},
		{
			"name": "moss_side_9",
			"from": [16.01, -7, -0.01],
			"to": [16.01, -6, 1.01],
			"rotation": {"angle": 0, "axis": "y", "origin": [8, 1, 8]},
			"faces": {
				"east": {"uv": [1, 7, 0, 8], "texture": "#2", "cullface": "east"},
				"west": {"uv": [0, 7, 1, 8], "texture": "#2", "cullface": "east"}
			}
		},
		{
			"name": "moss_side_10",
			"from": [16.01, -7, 3.97],
			"to": [16.01, -6, 4.99],
			"rotation": {"angle": 0, "axis": "y", "origin": [8, 1, 7.99]},
			"faces": {
				"east": {"uv": [5, 7, 4, 8], "texture": "#2", "cullface": "east"},
				"west": {"uv": [4, 7, 5, 8], "texture": "#2", "cullface": "east"}
			}
		},
		{
			"name": "moss_side_11",
			"from": [16.01, -7, 6.99],
			"to": [16.01, -6, 8.01],
			"rotation": {"angle": 0, "axis": "y", "origin": [8, 1, 8]},
			"faces": {
				"east": {"uv": [8, 7, 7, 8], "texture": "#2", "cullface": "east"},
				"west": {"uv": [7, 7, 8, 8], "texture": "#2", "cullface": "east"}
			}
		},
		{
			"name": "moss_side_0",
			"from": [-0.01, -4, -0.01],
			"to": [-0.01, 1, 16.01],
			"rotation": {"angle": 0, "axis": "y", "origin": [8, 1, 8]},
			"faces": {
				"east": {"uv": [0, 0, 16, 5], "texture": "#2", "cullface": "east"},
				"west": {"uv": [16, 0, 0, 5], "texture": "#2", "cullface": "west"}
			}
		},
		{
			"name": "moss_side_1",
			"from": [-0.01, -6, 13.99],
			"to": [-0.01, -4, 16.01],
			"rotation": {"angle": 0, "axis": "y", "origin": [8, 1, 8]},
			"faces": {
				"east": {"uv": [0, 5, 2, 7], "texture": "#2", "cullface": "east"},
				"west": {"uv": [2, 5, 0, 7], "texture": "#2", "cullface": "west"}
			}
		},
		{
			"name": "moss_side_2",
			"from": [-0.01, -6, 11.01],
			"to": [-0.01, -4, 13.03],
			"rotation": {"angle": 0, "axis": "y", "origin": [8, 1, 8.01]},
			"faces": {
				"east": {"uv": [3, 5, 5, 7], "texture": "#2", "cullface": "east"},
				"west": {"uv": [5, 5, 3, 7], "texture": "#2", "cullface": "west"}
			}
		},
		{
			"name": "moss_side_3",
			"from": [-0.01, -5, 5.99],
			"to": [-0.01, -4, 11.01],
			"rotation": {"angle": 0, "axis": "y", "origin": [8, 1, 8]},
			"faces": {
				"east": {"uv": [5, 5, 10, 6], "texture": "#2", "cullface": "east"},
				"west": {"uv": [10, 5, 5, 6], "texture": "#2", "cullface": "west"}
			}
		},
		{
			"name": "moss_side_4",
			"from": [-0.01, -5, 1.99],
			"to": [-0.01, -4, 5.01],
			"rotation": {"angle": 0, "axis": "y", "origin": [8, 1, 8]},
			"faces": {
				"east": {"uv": [11, 5, 14, 6], "texture": "#2", "cullface": "east"},
				"west": {"uv": [14, 5, 11, 6], "texture": "#2", "cullface": "west"}
			}
		},
		{
			"name": "moss_side_5",
			"from": [-0.01, -6, -0.01],
			"to": [-0.01, -4, 1.01],
			"rotation": {"angle": 0, "axis": "y", "origin": [8, 1, 8]},
			"faces": {
				"east": {"uv": [15, 5, 16, 7], "texture": "#2", "cullface": "east"},
				"west": {"uv": [16, 5, 15, 7], "texture": "#2", "cullface": "west"}
			}
		},
		{
			"name": "moss_side_6",
			"from": [-0.01, -6, 7.99],
			"to": [-0.01, -5, 10.01],
			"rotation": {"angle": 0, "axis": "y", "origin": [8, 1, 8]},
			"faces": {
				"east": {"uv": [6, 6, 8, 7], "texture": "#2", "cullface": "east"},
				"west": {"uv": [8, 6, 6, 7], "texture": "#2", "cullface": "west"}
			}
		},
		{
			"name": "moss_side_7",
			"from": [-0.01, -6, 5.99],
			"to": [-0.01, -5, 7.01],
			"rotation": {"angle": 0, "axis": "y", "origin": [8, 1, 8]},
			"faces": {
				"east": {"uv": [9, 6, 10, 7], "texture": "#2", "cullface": "east"},
				"west": {"uv": [10, 6, 9, 7], "texture": "#2", "cullface": "west"}
			}
		},
		{
			"name": "moss_side_8",
			"from": [-0.01, -6, 1.99],
			"to": [-0.01, -5, 3.01],
			"rotation": {"angle": 0, "axis": "y", "origin": [8, 1, 8]},
			"faces": {
				"east": {"uv": [13, 6, 14, 7], "texture": "#2", "cullface": "east"},
				"west": {"uv": [14, 6, 13, 7], "texture": "#2", "cullface": "west"}
			}
		},
		{
			"name": "moss_side_9",
			"from": [-0.01, -7, 14.99],
			"to": [-0.01, -6, 16.01],
			"rotation": {"angle": 0, "axis": "y", "origin": [8, 1, 8]},
			"faces": {
				"east": {"uv": [0, 7, 1, 8], "texture": "#2", "cullface": "east"},
				"west": {"uv": [1, 7, 0, 8], "texture": "#2", "cullface": "west"}
			}
		},
		{
			"name": "moss_side_10",
			"from": [-0.01, -7, 11.01],
			"to": [-0.01, -6, 12.03],
			"rotation": {"angle": 0, "axis": "y", "origin": [8, 1, 8.01]},
			"faces": {
				"east": {"uv": [4, 7, 5, 8], "texture": "#2", "cullface": "east"},
				"west": {"uv": [5, 7, 4, 8], "texture": "#2", "cullface": "west"}
			}
		},
		{
			"name": "moss_side_11",
			"from": [-0.01, -7, 7.99],
			"to": [-0.01, -6, 9.01],
			"rotation": {"angle": 0, "axis": "y", "origin": [8, 1, 8]},
			"faces": {
				"east": {"uv": [7, 7, 8, 8], "texture": "#2", "cullface": "east"},
				"west": {"uv": [8, 7, 7, 8], "texture": "#2", "cullface": "west"}
			}
		},
		{
			"name": "moss_side_0",
			"from": [-0.01, -4, 16.01],
			"to": [16.01, 1, 16.01],
			"rotation": {"angle": 0, "axis": "y", "origin": [8, 1, 8]},
			"faces": {
				"north": {"uv": [0, 0, 16, 5], "texture": "#2", "cullface": "south"},
				"south": {"uv": [16, 0, 0, 5], "texture": "#2", "cullface": "south"}
			}
		},
		{
			"name": "moss_side_1",
			"from": [13.99, -6, 16.01],
			"to": [16.01, -4, 16.01],
			"rotation": {"angle": 0, "axis": "y", "origin": [8, 1, 8]},
			"faces": {
				"north": {"uv": [0, 5, 2, 7], "texture": "#2", "cullface": "south"},
				"south": {"uv": [2, 5, 0, 7], "texture": "#2", "cullface": "south"}
			}
		},
		{
			"name": "moss_side_2",
			"from": [11.01, -6, 16.01],
			"to": [13.03, -4, 16.01],
			"rotation": {"angle": 0, "axis": "y", "origin": [8.01, 1, 8]},
			"faces": {
				"north": {"uv": [3, 5, 5, 7], "texture": "#2", "cullface": "south"},
				"south": {"uv": [5, 5, 3, 7], "texture": "#2", "cullface": "south"}
			}
		},
		{
			"name": "moss_side_3",
			"from": [5.99, -5, 16.01],
			"to": [11.01, -4, 16.01],
			"rotation": {"angle": 0, "axis": "y", "origin": [8, 1, 8]},
			"faces": {
				"north": {"uv": [5, 5, 10, 6], "texture": "#2", "cullface": "south"},
				"south": {"uv": [10, 5, 5, 6], "texture": "#2", "cullface": "south"}
			}
		},
		{
			"name": "moss_side_4",
			"from": [1.99, -5, 16.01],
			"to": [5.01, -4, 16.01],
			"rotation": {"angle": 0, "axis": "y", "origin": [8, 1, 8]},
			"faces": {
				"north": {"uv": [11, 5, 14, 6], "texture": "#2", "cullface": "south"},
				"south": {"uv": [14, 5, 11, 6], "texture": "#2", "cullface": "south"}
			}
		},
		{
			"name": "moss_side_5",
			"from": [-0.01, -6, 16.01],
			"to": [1.01, -4, 16.01],
			"rotation": {"angle": 0, "axis": "y", "origin": [8, 1, 8]},
			"faces": {
				"north": {"uv": [15, 5, 16, 7], "texture": "#2", "cullface": "south"},
				"south": {"uv": [16, 5, 15, 7], "texture": "#2", "cullface": "south"}
			}
		},
		{
			"name": "moss_side_6",
			"from": [7.99, -6, 16.01],
			"to": [10.01, -5, 16.01],
			"rotation": {"angle": 0, "axis": "y", "origin": [8, 1, 8]},
			"faces": {
				"north": {"uv": [6, 6, 8, 7], "texture": "#2", "cullface": "south"},
				"south": {"uv": [8, 6, 6, 7], "texture": "#2", "cullface": "south"}
			}
		},
		{
			"name": "moss_side_7",
			"from": [5.99, -6, 16.01],
			"to": [7.01, -5, 16.01],
			"rotation": {"angle": 0, "axis": "y", "origin": [8, 1, 8]},
			"faces": {
				"north": {"uv": [9, 6, 10, 7], "texture": "#2", "cullface": "south"},
				"south": {"uv": [10, 6, 9, 7], "texture": "#2", "cullface": "south"}
			}
		},
		{
			"name": "moss_side_8",
			"from": [1.99, -6, 16.01],
			"to": [3.01, -5, 16.01],
			"rotation": {"angle": 0, "axis": "y", "origin": [8, 1, 8]},
			"faces": {
				"north": {"uv": [13, 6, 14, 7], "texture": "#2", "cullface": "south"},
				"south": {"uv": [14, 6, 13, 7], "texture": "#2", "cullface": "south"}
			}
		},
		{
			"name": "moss_side_9",
			"from": [14.99, -7, 16.01],
			"to": [16.01, -6, 16.01],
			"rotation": {"angle": 0, "axis": "y", "origin": [8, 1, 8]},
			"faces": {
				"north": {"uv": [0, 7, 1, 8], "texture": "#2", "cullface": "south"},
				"south": {"uv": [1, 7, 0, 8], "texture": "#2", "cullface": "south"}
			}
		},
		{
			"name": "moss_side_10",
			"from": [11.01, -7, 16.01],
			"to": [12.03, -6, 16.01],
			"rotation": {"angle": 0, "axis": "y", "origin": [8.01, 1, 8]},
			"faces": {
				"north": {"uv": [4, 7, 5, 8], "texture": "#2", "cullface": "south"},
				"south": {"uv": [5, 7, 4, 8], "texture": "#2", "cullface": "south"}
			}
		},
		{
			"name": "moss_side_11",
			"from": [7.99, -7, 16.01],
			"to": [9.01, -6, 16.01],
			"rotation": {"angle": 0, "axis": "y", "origin": [8, 1, 8]},
			"faces": {
				"north": {"uv": [7, 7, 8, 8], "texture": "#2", "cullface": "south"},
				"south": {"uv": [8, 7, 7, 8], "texture": "#2", "cullface": "south"}
			}
		}
	],
	"groups": [
		0,
		{
			"name": "moss_side",
			"origin": [8, 8, 8],
			"color": 0,
			"children": [
				1,
				2,
				3,
				4,
				5,
				6,
				7,
				8,
				9,
				10,
				11,
				12,
				{
					"name": "moss_side",
					"origin": [8, 8, 8],
					"color": 0,
					"children": [13, 14, 15, 16, 17, 18, 19, 20, 21, 22, 23, 24]
				},
				{
					"name": "moss_side",
					"origin": [8, 8, 8],
					"color": 0,
					"children": [25, 26, 27, 28, 29, 30, 31, 32, 33, 34, 35, 36]
				},
				{
					"name": "moss_side",
					"origin": [8, 8, 8],
					"color": 0,
					"children": [37, 38, 39, 40, 41, 42, 43, 44, 45, 46, 47, 48]
				}
			]
		}
	]
}