{
	"credit": "Made with Blockbench",
	"parent": "minecraft:block/tinted_flower_pot_cross",
	"textures": {
		"1": "block/mushroom_pot",
		"2": "block/dirt",
		"particle": "block/mushroom_pot",
		"plant": "block/vegetation/red_mushroom_2"
	},
	"elements": [
		{
			"from": [6, 0, 6],
			"to": [10, 4, 10],
			"rotation": {"angle": 0, "axis": "y", "origin": [8, 0, 6]},
			"faces": {
				"up": {"uv": [2, 2, 6, 6], "texture": "#2"},
				"down": {"uv": [6, 12, 10, 16], "texture": "#1"}
			}
		},
		{
			"from": [5, 0, 5],
			"to": [11, 6, 6],
			"rotation": {"angle": 0, "axis": "y", "origin": [5, 0, 5]},
			"faces": {
				"north": {"uv": [5, 10, 11, 16], "texture": "#1"},
				"east": {"uv": [10, 10, 11, 16], "texture": "#1"},
				"south": {"uv": [5, 10, 11, 16], "texture": "#1"},
				"west": {"uv": [5, 10, 6, 16], "texture": "#1"},
				"up": {"uv": [5, 10, 11, 11], "texture": "#1"},
				"down": {"uv": [5, 15, 11, 16], "texture": "#1"}
			}
		},
		{
			"from": [5, 0, 10],
			"to": [11, 6, 11],
			"rotation": {"angle": 0, "axis": "y", "origin": [5, 0, 10]},
			"faces": {
				"north": {"uv": [5, 10, 11, 16], "texture": "#1"},
				"east": {"uv": [5, 10, 6, 16], "texture": "#1"},
				"south": {"uv": [5, 10, 11, 16], "texture": "#1"},
				"west": {"uv": [10, 10, 11, 16], "texture": "#1"},
				"up": {"uv": [5, 5, 11, 6], "texture": "#1"},
				"down": {"uv": [5, 15, 11, 16], "texture": "#1"}
			}
		},
		{
			"from": [5, 0, 6],
			"to": [6, 6, 10],
			"rotation": {"angle": 0, "axis": "y", "origin": [5, 0, 5]},
			"faces": {
				"east": {"uv": [6, 10, 10, 16], "texture": "#1"},
				"west": {"uv": [6, 10, 10, 16], "texture": "#1"},
				"up": {"uv": [10, 6, 11, 10], "texture": "#1"},
				"down": {"uv": [5, 6, 6, 10], "texture": "#1"}
			}
		},
		{
			"from": [10, 0, 6],
			"to": [11, 6, 10],
			"rotation": {"angle": 0, "axis": "y", "origin": [10, 0, 5]},
			"faces": {
				"east": {"uv": [6, 10, 10, 16], "texture": "#1"},
				"west": {"uv": [6, 10, 10, 16], "texture": "#1"},
				"up": {"uv": [5, 6, 6, 10], "texture": "#1"},
				"down": {"uv": [10, 6, 11, 10], "texture": "#1"}
			}
		},
		{
			"from": [7, 4, 7],
			"to": [9, 9, 9],
			"rotation": {"angle": 0, "axis": "y", "origin": [7, 5, 7]},
			"faces": {
				"north": {"uv": [2, 11, 4, 16], "texture": "#plant"},
				"east": {"uv": [2, 11, 4, 16], "texture": "#plant"},
				"south": {"uv": [2, 11, 4, 16], "texture": "#plant"},
				"west": {"uv": [2, 11, 4, 16], "texture": "#plant"},
				"down": {"uv": [2, 12, 4, 14], "texture": "#plant"}
			}
		},
		{
			"from": [6, 7, 6],
			"to": [10, 9, 10],
			"rotation": {"angle": 0, "axis": "y", "origin": [6, 7, 6]},
			"faces": {
				"north": {"uv": [8, 1, 12, 3], "texture": "#plant"},
				"east": {"uv": [8, 1, 12, 3], "texture": "#plant"},
				"south": {"uv": [8, 1, 12, 3], "texture": "#plant"},
				"west": {"uv": [8, 1, 12, 3], "texture": "#plant"}
			}
		},
		{
			"from": [4, 9, 4],
			"to": [12, 11, 12],
			"rotation": {"angle": 0, "axis": "y", "origin": [5, 9, 5]},
			"faces": {
				"north": {"uv": [4, 11, 12, 13], "texture": "#plant"},
				"east": {"uv": [4, 11, 12, 13], "texture": "#plant"},
				"south": {"uv": [4, 11, 12, 13], "texture": "#plant"},
				"west": {"uv": [4, 11, 12, 13], "texture": "#plant"},
				"up": {"uv": [0, 0, 8, 8], "texture": "#plant"},
				"down": {"uv": [0, 0, 8, 8], "texture": "#plant"}
			}
		}
	],
	"groups": [
		{
			"name": "pot",
			"origin": [10, 0, 5],
			"color": 0,
			"children": [0, 1, 2, 3, 4]
		},
		{
			"name": "mushroom",
			"origin": [8, 8, 8],
			"color": 0,
			"children": []
		},
		5,
		6,
		7
	]
}