{
	"credit": "Made with Blockbench",
	"parent": "minecraft:block/tinted_flower_pot_cross",
	"textures": {
		"1": "block/fern_pot",
		"2": "block/dirt",
		"particle": "block/fern_pot",
		"plant": "block/fern"
	},
	"elements": [
		{
			"from": [6, 0, 6],
			"to": [10, 4, 10],
			"rotation": {"angle": 0, "axis": "y", "origin": [8, 0, 6]},
			"faces": {
				"up": {"uv": [2, 2, 6, 6], "texture": "#2"},
				"down": {"uv": [6, 12, 10, 16], "texture": "#1"}
			}
		},
		{
			"from": [5, 0, 5],
			"to": [11, 6, 6],
			"rotation": {"angle": 0, "axis": "y", "origin": [5, 0, 5]},
			"faces": {
				"north": {"uv": [5, 10, 11, 16], "texture": "#1"},
				"east": {"uv": [10, 10, 11, 16], "texture": "#1"},
				"south": {"uv": [5, 10, 11, 16], "texture": "#1"},
				"west": {"uv": [5, 10, 6, 16], "texture": "#1"},
				"up": {"uv": [5, 10, 11, 11], "texture": "#1"},
				"down": {"uv": [5, 15, 11, 16], "texture": "#1"}
			}
		},
		{
			"from": [5, 0, 10],
			"to": [11, 6, 11],
			"rotation": {"angle": 0, "axis": "y", "origin": [5, 0, 10]},
			"faces": {
				"north": {"uv": [5, 10, 11, 16], "texture": "#1"},
				"east": {"uv": [5, 10, 6, 16], "texture": "#1"},
				"south": {"uv": [5, 10, 11, 16], "texture": "#1"},
				"west": {"uv": [10, 10, 11, 16], "texture": "#1"},
				"up": {"uv": [5, 5, 11, 6], "texture": "#1"},
				"down": {"uv": [5, 15, 11, 16], "texture": "#1"}
			}
		},
		{
			"from": [5, 0, 6],
			"to": [6, 6, 10],
			"rotation": {"angle": 0, "axis": "y", "origin": [5, 0, 5]},
			"faces": {
				"east": {"uv": [6, 10, 10, 16], "texture": "#1"},
				"west": {"uv": [6, 10, 10, 16], "texture": "#1"},
				"up": {"uv": [10, 6, 11, 10], "texture": "#1"},
				"down": {"uv": [5, 6, 6, 10], "texture": "#1"}
			}
		},
		{
			"from": [10, 0, 6],
			"to": [11, 6, 10],
			"rotation": {"angle": 0, "axis": "y", "origin": [10, 0, 5]},
			"faces": {
				"east": {"uv": [6, 10, 10, 16], "texture": "#1"},
				"west": {"uv": [6, 10, 10, 16], "texture": "#1"},
				"up": {"uv": [5, 6, 6, 10], "texture": "#1"},
				"down": {"uv": [10, 6, 11, 10], "texture": "#1"}
			}
		},
		{
			"from": [8.4, 4.4, 0.4],
			"to": [8.4, 12.4, 16.4],
			"shade": false,
			"rotation": {"angle": 45, "axis": "z", "origin": [8.4, 4.4, 8.4]},
			"faces": {
				"east": {"uv": [0, 8, 16, 16], "texture": "#plant", "tintindex": 0},
				"west": {"uv": [16, 8, 0, 16], "texture": "#plant", "tintindex": 0}
			}
		},
		{
			"from": [-5.86473, 13.1181, 0.4],
			"to": [2.13527, 13.1181, 16.4],
			"shade": false,
			"rotation": {"angle": 22.5, "axis": "z", "origin": [10.13527, 13.1181, 8.4]},
			"faces": {
				"up": {"uv": [0, 0, 16, 8], "rotation": 270, "texture": "#plant", "tintindex": 0},
				"down": {"uv": [16, 0, 0, 8], "rotation": 270, "texture": "#plant", "tintindex": 0}
			}
		},
		{
			"from": [1, 4.4, 8.4],
			"to": [17, 10.4, 8.4],
			"shade": false,
			"rotation": {"angle": -45, "axis": "x", "origin": [1, 4.4, 8.4]},
			"faces": {
				"north": {"uv": [0, 10, 16, 16], "texture": "#plant", "tintindex": 0},
				"south": {"uv": [16, 10, 0, 16], "texture": "#plant", "tintindex": 0}
			}
		},
		{
			"from": [1, 10.93852, -6.29827],
			"to": [17, 10.93852, 3.70173],
			"shade": false,
			"rotation": {"angle": -22.5, "axis": "x", "origin": [1, 10.93852, 9.70173]},
			"faces": {
				"up": {"uv": [16, 0, 0, 10], "texture": "#plant", "tintindex": 0},
				"down": {"uv": [0, 0, 16, 10], "rotation": 180, "texture": "#plant", "tintindex": 0}
			}
		},
		{
			"from": [0.4, 4.4, 8.4],
			"to": [16.4, 9.4, 8.4],
			"shade": false,
			"rotation": {"angle": 45, "axis": "x", "origin": [7.4, 4.4, 8.4]},
			"faces": {
				"north": {"uv": [0, 11, 16, 16], "texture": "#plant", "tintindex": 0},
				"south": {"uv": [16, 11, 0, 16], "texture": "#plant", "tintindex": 0}
			}
		},
		{
			"from": [0.4, 9.84803, 12.31575],
			"to": [16.4, 9.84803, 23.31575],
			"shade": false,
			"rotation": {"angle": 22.5, "axis": "x", "origin": [7.4, 9.84803, 7.31575]},
			"faces": {
				"up": {"uv": [0, 0, 16, 11], "rotation": 180, "texture": "#plant", "tintindex": 0},
				"down": {"uv": [16, 0, 0, 11], "texture": "#plant", "tintindex": 0}
			}
		},
		{
			"from": [8.4, 4.4, 0.4],
			"to": [8.4, 11.4, 16.4],
			"shade": false,
			"rotation": {"angle": -45, "axis": "z", "origin": [8.4, 4.4, 8.4]},
			"faces": {
				"east": {"uv": [0, 9, 16, 16], "texture": "#plant", "tintindex": 0},
				"west": {"uv": [16, 9, 0, 16], "texture": "#plant", "tintindex": 0}
			}
		},
		{
			"from": [15.39929, 14.29879, 0.4],
			"to": [24.39929, 14.29879, 16.4],
			"shade": false,
			"rotation": {"angle": -45, "axis": "z", "origin": [8.39929, 14.29879, 8.4]},
			"faces": {
				"up": {"uv": [16, 0, 0, 9], "rotation": 90, "texture": "#plant", "tintindex": 0},
				"down": {"uv": [0, 0, 16, 9], "rotation": 90, "texture": "#plant", "tintindex": 0}
			}
		},
		{
			"from": [7.7, 5, -0.2],
			"to": [7.7, 21, 15.8],
			"shade": false,
			"rotation": {"angle": 45, "axis": "y", "origin": [7.7, 5, 7.3]},
			"faces": {
				"east": {"uv": [0, 0, 16, 16], "texture": "#plant", "tintindex": 0},
				"west": {"uv": [0, 0, 16, 16], "texture": "#plant", "tintindex": 0}
			}
		},
		{
			"from": [7.7, 5, -0.3],
			"to": [7.7, 11, 15.7],
			"shade": false,
			"rotation": {"angle": 22.5, "axis": "z", "origin": [7.7, 5, 7.3]},
			"faces": {
				"east": {"uv": [0, 10, 16, 16], "texture": "#plant", "tintindex": 0},
				"west": {"uv": [0, 10, 16, 16], "texture": "#plant", "tintindex": 0}
			}
		},
		{
			"from": [9.64676, 12.30031, -0.3],
			"to": [9.64676, 22.30031, 15.7],
			"shade": false,
			"rotation": {"angle": 45, "axis": "z", "origin": [9.64676, 6.30031, 7.3]},
			"faces": {
				"east": {"uv": [0, 0, 16, 10], "texture": "#plant", "tintindex": 0},
				"west": {"uv": [0, 0, 16, 10], "texture": "#plant", "tintindex": 0}
			}
		}
	],
	"groups": [
		{
			"name": "pot",
			"origin": [10, 0, 5],
			"color": 0,
			"children": [0, 1, 2, 3, 4]
		},
		{
			"name": "fern",
			"origin": [8.4, 4.4, 8.4],
			"color": 0,
			"children": [5, 6, 7, 8, 9, 10, 11, 12, 13, 14, 15]
		}
	]
}