{
	"credit": "Made with Blockbench",
	"parent": "minecraft:block/flower_pot_cross",
	"textures": {
		"1": "block/tree_pot_top",
		"2": "block/tree_pot",
		"3": "block/dirt",
		"particle": "block/tree_pot_top",
		"plant": "block/acacia_sapling"
	},
	"elements": [
		{
			"from": [3, 0, 3],
			"to": [13, 3, 13],
			"rotation": {"angle": 0, "axis": "y", "origin": [2, 0, 2]},
			"faces": {
				"north": {"uv": [3, 13, 13, 16], "texture": "#2"},
				"east": {"uv": [3, 13, 13, 16], "texture": "#2"},
				"south": {"uv": [3, 13, 13, 16], "texture": "#2"},
				"west": {"uv": [3, 13, 13, 16], "texture": "#2"},
				"up": {"uv": [3, 3, 13, 13], "texture": "#3"},
				"down": {"uv": [3, 3, 13, 13], "texture": "#1"}
			}
		},
		{
			"from": [2, 1, 2],
			"to": [3, 4, 14],
			"rotation": {"angle": 0, "axis": "y", "origin": [1, 1, 0]},
			"faces": {
				"north": {"uv": [2, 12, 3, 15], "texture": "#2"},
				"east": {"uv": [2, 12, 14, 15], "texture": "#2"},
				"south": {"uv": [13, 12, 14, 15], "texture": "#2"},
				"west": {"uv": [2, 12, 14, 15], "texture": "#2"},
				"up": {"uv": [14, 2, 15, 14], "texture": "#1"},
				"down": {"uv": [14, 2, 15, 14], "texture": "#1"}
			}
		},
		{
			"from": [13, 1, 2],
			"to": [14, 4, 14],
			"rotation": {"angle": 0, "axis": "y", "origin": [12, 1, 0]},
			"faces": {
				"north": {"uv": [2, 12, 3, 15], "texture": "#2"},
				"east": {"uv": [2, 12, 14, 15], "texture": "#2"},
				"south": {"uv": [13, 12, 14, 15], "texture": "#2"},
				"west": {"uv": [2, 12, 14, 15], "texture": "#2"},
				"up": {"uv": [1, 2, 2, 14], "texture": "#1"},
				"down": {"uv": [1, 2, 2, 14], "texture": "#1"}
			}
		},
		{
			"from": [3, 1, 2],
			"to": [13, 4, 3],
			"rotation": {"angle": 0, "axis": "y", "origin": [2, 1, 1]},
			"faces": {
				"north": {"uv": [3, 12, 13, 15], "texture": "#2"},
				"south": {"uv": [3, 12, 13, 15], "texture": "#2"},
				"up": {"uv": [3, 14, 13, 15], "texture": "#1"},
				"down": {"uv": [2, 14, 14, 15], "texture": "#1"}
			}
		},
		{
			"from": [3, 1, 13],
			"to": [13, 4, 14],
			"rotation": {"angle": 0, "axis": "y", "origin": [2, 1, 12]},
			"faces": {
				"north": {"uv": [3, 12, 13, 15], "texture": "#2"},
				"south": {"uv": [3, 12, 13, 15], "texture": "#2"},
				"up": {"uv": [2, 1, 14, 2], "texture": "#1"},
				"down": {"uv": [2, 14, 14, 15], "texture": "#1"}
			}
		},
		{
			"from": [8, 3, 0],
			"to": [8, 19, 16],
			"shade": false,
			"rotation": {"angle": 45, "axis": "y", "origin": [8, 3, 8]},
			"faces": {
				"east": {"uv": [0, 0, 16, 16], "texture": "#plant"},
				"west": {"uv": [0, 0, 16, 16], "texture": "#plant"}
			}
		},
		{
			"from": [0, 3, 8],
			"to": [16, 19, 8],
			"shade": false,
			"rotation": {"angle": 45, "axis": "y", "origin": [8, 3, 8]},
			"faces": {
				"north": {"uv": [0, 0, 16, 16], "texture": "#plant"},
				"south": {"uv": [0, 0, 16, 16], "texture": "#plant"}
			}
		}
	]
}