{
	"credit": "Made with Blockbench",
	"parent": "minecraft:block/tinted_flower_pot_cross",
	"textures": {
		"1": "block/cactus_pot",
		"2": "block/dirt",
		"3": "block/cactus_side",
		"particle": "block/cactus_pot"
	},
	"elements": [
		{
			"from": [6, 2, 6],
			"to": [10, 4, 10],
			"rotation": {"angle": 0, "axis": "y", "origin": [8, 0, 6]},
			"faces": {
				"up": {"uv": [2, 2, 6, 6], "texture": "#2"}
			}
		},
		{
			"from": [5, 1, 5],
			"to": [11, 6, 6],
			"rotation": {"angle": 0, "axis": "y", "origin": [5, 0, 5]},
			"faces": {
				"north": {"uv": [5, 10, 11, 15], "texture": "#1"},
				"east": {"uv": [10, 10, 11, 15], "texture": "#1"},
				"south": {"uv": [5, 10, 11, 15], "texture": "#1"},
				"west": {"uv": [5, 10, 6, 15], "texture": "#1"},
				"up": {"uv": [5, 10, 11, 11], "texture": "#1"},
				"down": {"uv": [5, 5, 11, 6], "texture": "#1"}
			}
		},
		{
			"from": [5, 1, 10],
			"to": [11, 6, 11],
			"rotation": {"angle": 0, "axis": "y", "origin": [5, 0, 10]},
			"faces": {
				"north": {"uv": [5, 10, 11, 15], "texture": "#1"},
				"east": {"uv": [5, 10, 6, 15], "texture": "#1"},
				"south": {"uv": [5, 10, 11, 15], "texture": "#1"},
				"west": {"uv": [10, 10, 11, 15], "texture": "#1"},
				"up": {"uv": [5, 5, 11, 6], "texture": "#1"},
				"down": {"uv": [5, 5, 11, 6], "texture": "#1"}
			}
		},
		{
			"from": [5, 1, 6],
			"to": [6, 6, 10],
			"rotation": {"angle": 0, "axis": "y", "origin": [5, 0, 5]},
			"faces": {
				"east": {"uv": [6, 10, 10, 16], "texture": "#1"},
				"west": {"uv": [6, 10, 10, 15], "texture": "#1"},
				"up": {"uv": [10, 6, 11, 10], "texture": "#1"},
				"down": {"uv": [5, 6, 6, 10], "texture": "#1"}
			}
		},
		{
			"from": [10, 1, 6],
			"to": [11, 6, 10],
			"rotation": {"angle": 0, "axis": "y", "origin": [10, 0, 5]},
			"faces": {
				"east": {"uv": [6, 10, 10, 15], "texture": "#1"},
				"west": {"uv": [6, 10, 10, 16], "texture": "#1"},
				"up": {"uv": [5, 6, 6, 10], "texture": "#1"},
				"down": {"uv": [10, 6, 11, 10], "texture": "#1"}
			}
		},
		{
			"from": [6, 0, 6],
			"to": [10, 1, 10],
			"rotation": {"angle": 0, "axis": "y", "origin": [6, 0, 8]},
			"faces": {
				"north": {"uv": [6, 15, 10, 16], "texture": "#1"},
				"east": {"uv": [6, 15, 10, 16], "texture": "#1"},
				"south": {"uv": [6, 15, 10, 16], "texture": "#1"},
				"west": {"uv": [6, 15, 10, 16], "texture": "#1"},
				"up": {"uv": [0, 0, 4, 4], "texture": "#missing"},
				"down": {"uv": [6, 11, 10, 15], "texture": "#1"}
			}
		},
		{
			"from": [6, 4, 6],
			"to": [10, 16, 10],
			"rotation": {"angle": 0, "axis": "y", "origin": [6, 4, 5]},
			"faces": {
				"north": {"uv": [6, 1, 10, 13], "texture": "#3"},
				"east": {"uv": [6, 0, 10, 12], "texture": "#3"},
				"south": {"uv": [6, 0, 10, 12], "texture": "#3"},
				"west": {"uv": [6, 0, 10, 12], "texture": "#3"},
				"up": {"uv": [6, 3, 10, 7], "texture": "#3"}
			}
		},
		{
			"from": [10, 8, 7],
			"to": [13, 10, 9],
			"rotation": {"angle": 0, "axis": "y", "origin": [8, 17, 8]},
			"faces": {
				"north": {"uv": [11, 6, 14, 8], "texture": "#3"},
				"east": {"uv": [2, 5, 4, 7], "texture": "#3"},
				"south": {"uv": [2, 9, 5, 11], "texture": "#3"},
				"up": {"uv": [7, 5, 9, 8], "rotation": 90, "texture": "#3"},
				"down": {"uv": [7, 2, 9, 5], "rotation": 270, "texture": "#3"}
			}
		},
		{
			"from": [11, 10, 7],
			"to": [13, 13, 9],
			"rotation": {"angle": 0, "axis": "y", "origin": [8, 17, 8]},
			"faces": {
				"north": {"uv": [3, 3, 5, 6], "texture": "#3"},
				"east": {"uv": [2, 3, 4, 6], "texture": "#3"},
				"south": {"uv": [12, 4, 14, 7], "texture": "#3"},
				"west": {"uv": [3, 3, 5, 6], "texture": "#3"},
				"up": {"uv": [2, 0, 4, 2], "rotation": 90, "texture": "#3"}
			}
		}
	]
}