{
	"credit": "Made with Blockbench",
	"parent": "minecraft:block/tinted_flower_pot_cross",
	"textures": {
		"1": "block/tulip_pot",
		"2": "block/dirt",
		"3": "block/orange_tulip",
		"particle": "block/tulip_pot"
	},
	"elements": [
		{
			"from": [6, 0, 6],
			"to": [10, 4, 10],
			"rotation": {"angle": 0, "axis": "y", "origin": [8, 0, 6]},
			"faces": {
				"up": {"uv": [2, 2, 6, 6], "texture": "#2"},
				"down": {"uv": [0, 12, 4, 16], "texture": "#1"}
			}
		},
		{
			"from": [5, 0, 5],
			"to": [11, 4, 6],
			"rotation": {"angle": 0, "axis": "y", "origin": [5, 0, 4]},
			"faces": {
				"north": {"uv": [5, 12, 11, 16], "texture": "#1"},
				"east": {"uv": [10, 12, 11, 16], "texture": "#1"},
				"west": {"uv": [5, 12, 6, 16], "texture": "#1"},
				"down": {"uv": [5, 15, 11, 16], "texture": "#1"}
			}
		},
		{
			"from": [5, 0, 10],
			"to": [11, 4, 11],
			"rotation": {"angle": 0, "axis": "y", "origin": [5, 0, 9]},
			"faces": {
				"east": {"uv": [5, 12, 6, 16], "texture": "#1"},
				"south": {"uv": [5, 12, 11, 16], "texture": "#1"},
				"west": {"uv": [10, 12, 11, 16], "texture": "#1"},
				"down": {"uv": [5, 15, 11, 16], "texture": "#1"}
			}
		},
		{
			"from": [5, 0, 6],
			"to": [6, 4, 10],
			"rotation": {"angle": 0, "axis": "y", "origin": [4, 0, 6]},
			"faces": {
				"west": {"uv": [6, 12, 10, 16], "texture": "#1"},
				"down": {"uv": [3, 12, 4, 16], "texture": "#1"}
			}
		},
		{
			"from": [10, 0, 6],
			"to": [11, 4, 10],
			"rotation": {"angle": 0, "axis": "y", "origin": [9, 0, 6]},
			"faces": {
				"east": {"uv": [6, 12, 10, 16], "texture": "#1"},
				"down": {"uv": [3, 12, 4, 16], "texture": "#1"}
			}
		},
		{
			"from": [4.5, 4, 4.5],
			"to": [11.5, 6, 6],
			"rotation": {"angle": 0, "axis": "y", "origin": [4, 4, 4]},
			"faces": {
				"north": {"uv": [5, 10, 12, 12], "texture": "#1"},
				"east": {"uv": [10.5, 10, 12, 12], "texture": "#1"},
				"south": {"uv": [4, 10, 12, 12], "texture": "#1"},
				"west": {"uv": [5, 10, 6.5, 12], "texture": "#1"},
				"up": {"uv": [12, 10, 5, 12], "texture": "#1"},
				"down": {"uv": [4, 10, 12, 12], "texture": "#1"}
			}
		},
		{
			"from": [4.5, 4, 10],
			"to": [11.5, 6, 11.5],
			"rotation": {"angle": 0, "axis": "y", "origin": [4, 4, 10]},
			"faces": {
				"north": {"uv": [4, 10, 12, 12], "texture": "#1"},
				"east": {"uv": [5, 10, 6.5, 12], "texture": "#1"},
				"south": {"uv": [5, 10, 12, 12], "texture": "#1"},
				"west": {"uv": [10.5, 10, 12, 12], "texture": "#1"},
				"up": {"uv": [5, 12, 12, 10], "texture": "#1"},
				"down": {"uv": [4, 10, 12, 12], "texture": "#1"}
			}
		},
		{
			"from": [4.5, 4, 6],
			"to": [6, 6, 10],
			"rotation": {"angle": 0, "axis": "y", "origin": [4, 4, 6]},
			"faces": {
				"east": {"uv": [6, 10, 10, 12], "texture": "#1"},
				"west": {"uv": [6.5, 10, 10.5, 12], "texture": "#1"},
				"up": {"uv": [5, 6, 3, 10], "texture": "#1"},
				"down": {"uv": [4, 6, 6, 10], "texture": "#1"}
			}
		},
		{
			"from": [10, 4, 6],
			"to": [11.5, 6, 10],
			"rotation": {"angle": 0, "axis": "y", "origin": [10, 4, 6]},
			"faces": {
				"east": {"uv": [6.5, 10, 10.5, 12], "texture": "#1"},
				"west": {"uv": [6, 10, 10, 12], "texture": "#1"},
				"up": {"uv": [13, 6, 11, 10], "texture": "#1"},
				"down": {"uv": [11, 5, 13, 9], "texture": "#1"}
			}
		},
		{
			"name": "tulip",
			"from": [1, 4, 8],
			"to": [15, 19, 8],
			"shade": false,
			"rotation": {"angle": -45, "axis": "y", "origin": [8, 4, 8]},
			"faces": {
				"north": {"uv": [0, 0, 14, 15], "texture": "#3"},
				"south": {"uv": [0, 0, 14, 15], "texture": "#3"}
			}
		},
		{
			"name": "tulip",
			"from": [8, 4, 1],
			"to": [8, 19, 15],
			"shade": false,
			"rotation": {"angle": -45, "axis": "y", "origin": [8, 4, 8]},
			"faces": {
				"east": {"uv": [0, 0, 14, 15], "texture": "#3"},
				"west": {"uv": [0, 0, 14, 15], "texture": "#3"}
			}
		}
	],
	"groups": [
		{
			"name": "pot",
			"origin": [10, 0, 5],
			"color": 0,
			"children": [0]
		},
		{
			"name": "fern",
			"origin": [8.4, 4.4, 8.4],
			"color": 0,
			"children": []
		},
		1,
		2,
		3,
		4,
		5,
		6,
		7,
		8,
		9,
		10
	]
}