{
	"credit": "Made with Blockbench",
	"parent": "minecraft:block/cross",
	"textures": {
		"cross": "block/vegetation/red_mushroom_1"
	},
	"elements": [
		{
			"from": [5, 0, 8],
			"to": [7, 4, 10],
			"rotation": {"angle": 0, "axis": "y", "origin": [5, 0, 8]},
			"faces": {
				"north": {"uv": [2, 11, 4, 15], "texture": "#cross"},
				"east": {"uv": [2, 11, 4, 15], "texture": "#cross"},
				"south": {"uv": [2, 11, 4, 15], "texture": "#cross"},
				"west": {"uv": [2, 11, 4, 15], "texture": "#cross"},
				"down": {"uv": [2, 12, 4, 14], "texture": "#cross"}
			}
		},
		{
			"from": [3, 4, 6],
			"to": [9, 6, 12],
			"rotation": {"angle": 0, "axis": "y", "origin": [3, 4, 6]},
			"faces": {
				"north": {"uv": [0, 8, 6, 10], "texture": "#cross"},
				"east": {"uv": [0, 8, 6, 10], "texture": "#cross"},
				"south": {"uv": [0, 8, 6, 10], "texture": "#cross"},
				"west": {"uv": [0, 8, 6, 10], "texture": "#cross"},
				"up": {"uv": [0, 1, 6, 7], "texture": "#cross"},
				"down": {"uv": [0, 1, 6, 7], "texture": "#cross"}
			}
		},
		{
			"from": [4, 2, 7],
			"to": [8, 4, 11],
			"rotation": {"angle": 0, "axis": "y", "origin": [4, 2, 7]},
			"faces": {
				"north": {"uv": [7, 1, 11, 3], "texture": "#cross"},
				"east": {"uv": [7, 1, 11, 3], "texture": "#cross"},
				"south": {"uv": [7, 1, 11, 3], "texture": "#cross"},
				"west": {"uv": [7, 1, 11, 3], "texture": "#cross"}
			}
		}
	]
}