{
	"credit": "Made with Blockbench",
	"parent": "minecraft:block/template_lantern",
	"textures": {
		"1": "block/lantern_1_soul",
		"lantern": "block/soul_lantern",
		"particle": "block/soul_lantern"
	},
	"elements": [
		{
			"from": [5, 0, 5],
			"to": [11, 7, 11],
			"rotation": {"angle": 0, "axis": "y", "origin": [5, 1, 5]},
			"faces": {
				"north": {"uv": [0, 2, 6, 9], "texture": "#lantern"},
				"east": {"uv": [0, 2, 6, 9], "texture": "#lantern"},
				"south": {"uv": [0, 2, 6, 9], "texture": "#lantern"},
				"west": {"uv": [0, 2, 6, 9], "texture": "#lantern"},
				"up": {"uv": [0, 9, 6, 15], "texture": "#lantern"},
				"down": {"uv": [0, 9, 6, 15], "texture": "#lantern"}
			}
		},
		{
			"from": [6, 7, 6],
			"to": [10, 9, 10],
			"rotation": {"angle": 0, "axis": "y", "origin": [6, 7, 6]},
			"faces": {
				"north": {"uv": [1, 0, 5, 2], "texture": "#lantern"},
				"east": {"uv": [1, 0, 5, 2], "texture": "#lantern"},
				"south": {"uv": [1, 0, 5, 2], "texture": "#lantern"},
				"west": {"uv": [1, 0, 5, 2], "texture": "#lantern"},
				"up": {"uv": [1, 10, 5, 14], "texture": "#lantern"}
			}
		},
		{
			"from": [4.5, 6, 4.5],
			"to": [5, 7, 11.5],
			"rotation": {"angle": 0, "axis": "y", "origin": [4, 5, 4]},
			"faces": {
				"north": {"uv": [1, 2, 1.5, 3], "texture": "#1"},
				"south": {"uv": [1, 2, 1.5, 3], "texture": "#1"},
				"west": {"uv": [0.5, 2, 7.5, 3], "texture": "#1"},
				"up": {"uv": [0, 8.5, 0.5, 15.5], "texture": "#1"},
				"down": {"uv": [0, 8.5, 0.5, 15.5], "texture": "#1"}
			}
		},
		{
			"from": [11, 6, 4.5],
			"to": [11.5, 7, 11.5],
			"rotation": {"angle": 0, "axis": "y", "origin": [10.5, 5, 4]},
			"faces": {
				"north": {"uv": [1, 2, 1.5, 3], "texture": "#1"},
				"east": {"uv": [0.5, 2, 7.5, 3], "texture": "#1"},
				"south": {"uv": [1, 2, 1.5, 3], "texture": "#1"},
				"up": {"uv": [0, 8.5, 0.5, 15.5], "texture": "#1"},
				"down": {"uv": [0, 8.5, 0.5, 15.5], "texture": "#1"}
			}
		},
		{
			"from": [5, 6, 4.5],
			"to": [11, 7, 5],
			"rotation": {"angle": 0, "axis": "y", "origin": [5, 5, 4]},
			"faces": {
				"north": {"uv": [1, 2, 7, 3], "texture": "#1"},
				"south": {"uv": [1, 2, 7, 3], "texture": "#1"},
				"up": {"uv": [1, 2, 7, 2.5], "texture": "#1"},
				"down": {"uv": [1, 2, 7, 2.5], "texture": "#1"}
			}
		},
		{
			"from": [5, 6, 11],
			"to": [11, 7, 11.5],
			"rotation": {"angle": 0, "axis": "y", "origin": [5, 5, 10.5]},
			"faces": {
				"north": {"uv": [1, 2, 7, 3], "texture": "#1"},
				"south": {"uv": [1, 2, 7, 3], "texture": "#1"},
				"up": {"uv": [1, 2, 7, 2.5], "texture": "#1"},
				"down": {"uv": [1, 2, 7, 2.5], "texture": "#1"}
			}
		},
		{
			"from": [11, 0, 4.5],
			"to": [11.5, 1, 11.5],
			"rotation": {"angle": 0, "axis": "y", "origin": [10.5, -1, 4]},
			"faces": {
				"north": {"uv": [1, 2, 1.5, 3], "texture": "#1"},
				"east": {"uv": [0.5, 2, 7.5, 3], "texture": "#1"},
				"south": {"uv": [1, 2, 1.5, 3], "texture": "#1"},
				"up": {"uv": [0, 8.5, 0.5, 15.5], "texture": "#1"},
				"down": {"uv": [0, 8.5, 0.5, 15.5], "texture": "#1"}
			}
		},
		{
			"from": [5, 0, 4.5],
			"to": [11, 1, 5],
			"rotation": {"angle": 0, "axis": "y", "origin": [5, -1, 4]},
			"faces": {
				"north": {"uv": [1, 2, 7, 3], "texture": "#1"},
				"south": {"uv": [1, 2, 7, 3], "texture": "#1"},
				"up": {"uv": [1, 2, 7, 2.5], "texture": "#1"},
				"down": {"uv": [1, 2, 7, 2.5], "texture": "#1"}
			}
		},
		{
			"from": [4.5, 0, 4.5],
			"to": [5, 1, 11.5],
			"rotation": {"angle": 0, "axis": "y", "origin": [4, -1, 4]},
			"faces": {
				"north": {"uv": [1, 2, 1.5, 3], "texture": "#1"},
				"south": {"uv": [1, 2, 1.5, 3], "texture": "#1"},
				"west": {"uv": [0.5, 2, 7.5, 3], "texture": "#1"},
				"up": {"uv": [0, 8.5, 0.5, 15.5], "texture": "#1"},
				"down": {"uv": [0, 8.5, 0.5, 15.5], "texture": "#1"}
			}
		},
		{
			"from": [5, 0, 11],
			"to": [11, 1, 11.5],
			"rotation": {"angle": 0, "axis": "y", "origin": [5, -1, 10.5]},
			"faces": {
				"north": {"uv": [1, 2, 7, 3], "texture": "#1"},
				"south": {"uv": [1, 2, 7, 3], "texture": "#1"},
				"up": {"uv": [1, 2, 7, 2.5], "texture": "#1"},
				"down": {"uv": [1, 2, 7, 2.5], "texture": "#1"}
			}
		},
		{
			"from": [8, 9, 6.5],
			"to": [8, 11, 9.5],
			"rotation": {"angle": -45, "axis": "y", "origin": [8, 9, 7.9]},
			"faces": {
				"east": {"uv": [14, 10, 11, 12], "texture": "#lantern"},
				"west": {"uv": [11, 10, 14, 12], "texture": "#lantern"}
			}
		},
		{
			"from": [6.4, 9, 8],
			"to": [9.4, 11, 8],
			"rotation": {"angle": -45, "axis": "y", "origin": [8, 9, 8]},
			"faces": {
				"north": {"uv": [11, 10, 14, 12], "texture": "#lantern"},
				"south": {"uv": [14, 10, 11, 12], "texture": "#lantern"}
			}
		}
	]
}