{
	"credit": "Made with Blockbench",
	"parent": "minecraft:block/crop",
	"textures": {
		"crop": "block/wheat_stage7"
	},
	"elements": [
		{
			"from": [0, -1, 4],
			"to": [16, 31, 4],
			"shade": false,
			"rotation": {"angle": 0, "axis": "y", "origin": [0, -1, 4]},
			"faces": {
				"north": {"uv": [8, 0, 16, 16], "texture": "#crop"},
				"south": {"uv": [8, 0, 16, 16], "texture": "#crop"}
			}
		},
		{
			"from": [4, -1, 0],
			"to": [4, 31, 16],
			"shade": false,
			"rotation": {"angle": 0, "axis": "y", "origin": [4, -1, 0]},
			"faces": {
				"east": {"uv": [8, 0, 16, 16], "texture": "#crop"},
				"west": {"uv": [8, 0, 16, 16], "texture": "#crop"}
			}
		},
		{
			"from": [0, -1, 12],
			"to": [16, 31, 12],
			"shade": false,
			"rotation": {"angle": 0, "axis": "y", "origin": [8, -1, 8]},
			"faces": {
				"north": {"uv": [8, 0, 16, 16], "texture": "#crop"},
				"south": {"uv": [8, 0, 16, 16], "texture": "#crop"}
			}
		},
		{
			"from": [12, -1, 0],
			"to": [12, 31, 16],
			"shade": false,
			"rotation": {"angle": 0, "axis": "y", "origin": [8, -1, 8]},
			"faces": {
				"east": {"uv": [8, 0, 16, 16], "texture": "#crop"},
				"west": {"uv": [8, 0, 16, 16], "texture": "#crop"}
			}
		}
	]
}