{
  "variants": {
    "": [ 
	  {"model": "block/red_mushroom", "weight": 1 },
	  {"model": "block/red_mushroom", "y": 90, "uvlock": false, "weight": 1 },
	  {"model": "block/red_mushroom", "y": 180, "uvlock": false, "weight": 1 },
	  {"model": "block/red_mushroom", "y": 270, "uvlock": false, "weight": 1 },
	  
	  {"model": "block/red_mushroom_1", "weight": 1 },
	  {"model": "block/red_mushroom_1", "y": 90, "uvlock": false, "weight": 1 },
	  {"model": "block/red_mushroom_1", "y": 180, "uvlock": false, "weight": 1 },
	  {"model": "block/red_mushroom_1", "y": 270, "uvlock": false, "weight": 1 }
    ]
  }
}