{"providers":[{"file":"char/black.png","chars":[""],"height":1,"ascent":-5000,"type":"bitmap"},{"file":"char/black.png","chars":[""],"height":2,"ascent":-5000,"type":"bitmap"},{"file":"char/black.png","chars":[""],"height":3,"ascent":-5000,"type":"bitmap"},{"file":"char/black.png","chars":[""],"height":4,"ascent":-5000,"type":"bitmap"},{"file":"char/black.png","chars":[""],"height":5,"ascent":-5000,"type":"bitmap"},{"file":"char/black.png","chars":[""],"height":6,"ascent":-5000,"type":"bitmap"},{"file":"char/black.png","chars":[""],"height":7,"ascent":-5000,"type":"bitmap"},{"file":"char/black.png","chars":[""],"height":15,"ascent":-5000,"type":"bitmap"},{"file":"char/black.png","chars":[""],"height":31,"ascent":-5000,"type":"bitmap"},{"file":"char/black.png","chars":[""],"height":63,"ascent":-5000,"type":"bitmap"},{"file":"char/black.png","chars":[""],"height":127,"ascent":-5000,"type":"bitmap"},{"file":"char/black.png","chars":[""],"height":256,"ascent":-5000,"type":"bitmap"},{"file":"char/black.png","chars":[""],"height":512,"ascent":-5000,"type":"bitmap"},{"file":"char/black.png","chars":[""],"height":1024,"ascent":-5000,"type":"bitmap"},{"file":"char/black.png","chars":[""],"height":-3,"ascent":-5000,"type":"bitmap"},{"file":"char/black.png","chars":[""],"height":-4,"ascent":-5000,"type":"bitmap"},{"file":"char/black.png","chars":[""],"height":-5,"ascent":-5000,"type":"bitmap"},{"file":"char/black.png","chars":[""],"height":-6,"ascent":-5000,"type":"bitmap"},{"file":"char/black.png","chars":[""],"height":-7,"ascent":-5000,"type":"bitmap"},{"file":"char/black.png","chars":[""],"height":-8,"ascent":-5000,"type":"bitmap"},{"file":"char/black.png","chars":[""],"height":-9,"ascent":-5000,"type":"bitmap"},{"file":"char/black.png","chars":[""],"height":-10,"ascent":-5000,"type":"bitmap"},{"file":"char/black.png","chars":[""],"height":-18,"ascent":-5000,"type":"bitmap"},{"file":"char/black.png","chars":[""],"height":-34,"ascent":-5000,"type":"bitmap"},{"file":"char/black.png","chars":[""],"height":-66,"ascent":-5000,"type":"bitmap"},{"file":"char/black.png","chars":[""],"height":-130,"ascent":-5000,"type":"bitmap"},{"file":"char/black.png","chars":[""],"height":-259,"ascent":-5000,"type":"bitmap"},{"file":"char/black.png","chars":[""],"height":-515,"ascent":-5000,"type":"bitmap"},{"file":"char/black.png","chars":[""],"height":-1027,"ascent":-5000,"type":"bitmap"},{"file":"iaalchemy:hud/mana_bar/0.png","chars":[""],"height":50,"ascent":-15,"type":"bitmap"},{"file":"iaalchemy:hud/mana_bar/1.png","chars":[""],"height":50,"ascent":-15,"type":"bitmap"},{"file":"iaalchemy:hud/mana_bar/2.png","chars":[""],"height":50,"ascent":-15,"type":"bitmap"},{"file":"iaalchemy:hud/mana_bar/3.png","chars":[""],"height":50,"ascent":-15,"type":"bitmap"},{"file":"iaalchemy:hud/mana_bar/4.png","chars":[""],"height":50,"ascent":-15,"type":"bitmap"},{"file":"iaalchemy:hud/mana_bar/5.png","chars":[""],"height":50,"ascent":-15,"type":"bitmap"},{"file":"iaalchemy:gui/alchemy_category.png","chars":[""],"height":170,"ascent":47,"type":"bitmap"},{"file":"_iainternal:gui/no_recipe.png","chars":[""],"height":170,"ascent":47,"type":"bitmap"},{"file":"_iainternal:gui/crafting.png","chars":[""],"height":170,"ascent":47,"type":"bitmap"},{"file":"_iainternal:gui/cooking.png","chars":[""],"height":170,"ascent":47,"type":"bitmap"},{"file":"_iainternal:gui/blank_menu.png","chars":[""],"height":170,"ascent":47,"type":"bitmap"},{"file":"_iainternal:gui/anvil_repair.png","chars":[""],"height":170,"ascent":47,"type":"bitmap"},{"file":"_iainternal:gui/smithing.png","chars":[""],"height":170,"ascent":47,"type":"bitmap"},{"file":"iasurvival:hud/thirst_bar/positive.png","chars":[""],"height":11,"ascent":-15,"type":"bitmap"},{"file":"iasurvival:hud/thirst_bar/negative.png","chars":[""],"height":11,"ascent":-15,"type":"bitmap"},{"file":"iasurvival:hud/thirst_bar/half.png","chars":[""],"height":11,"ascent":-15,"type":"bitmap"},{"file":"iasurvival:gui/customization_table_left.png","chars":[""],"height":164,"ascent":12,"type":"bitmap"},{"file":"iasurvival:gui/customization_table_right.png","chars":[""],"height":164,"ascent":12,"type":"bitmap"},{"file":"iaalchemy:gui/energy_extractor_left.png","chars":[""],"height":164,"ascent":12,"type":"bitmap"},{"file":"iaalchemy:gui/energy_extractor_right.png","chars":[""],"height":164,"ascent":12,"type":"bitmap"},{"file":"iaalchemy:gui/energy_converter_left.png","chars":[""],"height":164,"ascent":12,"type":"bitmap"},{"file":"iaalchemy:gui/energy_converter_right.png","chars":[""],"height":164,"ascent":12,"type":"bitmap"}]}